slang,formal
@,di
/,atau
&,dan
+,tambah
=,sama dengan
22nya,dua-duanya
7an,tujuan
aaaaaaakkk,ah
aaaaahhhh,ah
aaaammmiiiinnnn,amin
aaahh,ah
aaamiiin,amin
aaamiiinnn,amin
aaamin,amin
aah,ah
aahh,ah
aama,sama
aamien,amien
aamiiiiinnn,amin
aamiiiinnnnn,amin
aamiiin,amin
aamiin,amin
aamiinin,amin
aamiinnn,amin
aamin,amin
ababil,abg labil
abal,palsu
"abal""",abal-abal
abal2,abal-abal
abanggg,abang
abanggku,abangku
abeees,habis
abes,habis
abez,habis
abg,abang
abgnya,abangnya
abgnyaah,abangnya
abiiiiisssss,habis
abiiiss,habis
abis,habis
abis2,habis-habis
abiss,habis
abisss,habis
abiz,habis
abizzz,habis
abizzzz,habis
abs,habis
acc,accord
accord,sesuai
acra,acara
ad,ada
ada2,ada-ada
adaa,ada
adain,mengadakan
adapin,menghadapi
add,ada
ade,adek
adeeek,adek
adek,adik
adek2,adek-adek
adekx,adeknya
ademm,adem
ademmm,adem
adengan,adegan
adenya,adeknya
adeuh,aduh
adiik,adik
adkah,adakah
adl,adalah
adlah,adalah
adlh,adalah
adoh,aduh
aduhh,aduh
aduhhh,aduh
aduhhhhhhhhh,aduh
aduuh,aduh
aduuhh,aduh
aduuhhh,aduh
aduuhhhh,aduh
aduuuh,aduh
adyem,adem
ae,saja
aee,saja
aelah,alah
aer,air
afaik,as far as i know
agama'ny,agamanya
agan2,agan-agan
agk,agak
agma,agama
aha,tertawa
ahaha,haha
ahahahanjirrr,anjir
ahh,ah
ahhh,ah
ahhhh,ah
ahiok,ahok
ahokncc,ahok
aing,saya
aiskrim,es krim
aj,saja
aja,saja
ajaa,saja
ajaaa,saja
ajaaahhhhh,saja
ajah,saja
ajahhh,saja
ajaibb,ajaib
ajaibbbbb,ajaib
ajakin,mengajak
ajalah,saja
ajarin,ajarkan
aje,saja
ajep-ajep,dunia gemerlap
ajh,saja
ajha,saja
ajhh,saja
ajibb,ajib
ajj,saja
ajja,saja
ajjh,saja
ak,aku
aka,dikenal juga sebagai
akau,aku
akhirt,akhirat
akhirx,akhirnya
akhlah,akhlak
akhrt,akhirat
akika,aku
akko,aku
akkoh,aku
akku,aku
akn,akan
akoh,saya
akooh,aku
aktifin,aktifkan
aku,saya
akuh,aku
akuhh,aku
akutu,saya
akuu,aku
akuuu,aku
akuuuur,akur
akuwh,aku
akyu,aku
ala2,ala-ala
alaami,alami
alah,aduh
alak,kepala
alamii,alami
alamiii,alami
alay,norak
albm,album
alesan,alasan
alhamd,alhamdulillah
alhamdulillaaaaah,alhamdulillah
alissnyaa,alisnya
aljasa,asal jadi saja
alkhamdulilah,alhamdulillah
allaahh,allah
allahh,allah
allahhhh,allah
allahhhhhhh,allah
alloh,allah
alm,almarhum
almaidahyg,almaidah
almh,almarhumah
aloh,allah
alow,halo
alu,aku
am,sama
ama,sama
amaattt,amat
amaca,ah masa
amad,amat
amatt,amat
ambilin,mengambil
ambl,ambil
ameen,amin
amen,amin
amerik,amarika
amfun,ampun
amiend,amien
amienn,amien
amiennn,amien
amiennnn,amien
amiien,amien
amiiiiiiiiiiiiiiiiin,amin
amiiiiiiiiiiin,amin
amiiiiiiiiiinnnnnnn,amin
amiiiiin,amin
amiiiiinnn,amin
amiiiiinnnnn,amin
amiiiin,amin
amiiin,amin
amiiinn,amin
amiiinnn,amin
amiiinnnn,amin
amiin,amin
amiinn,amin
amiinnn,amin
amiinnnn,amin
amin2,amin-amin
aminn,amin
aminn2,amin-amin
aminnn,amin
aminnnn,amin
aminnnn2,amin-amin
aminnnnn,amin
amit2,amit-amit
ammiiin,amin
ammin,amin
amohhh,kamu
ampe,sampai
amploppp,amplop
ampunn,ampun
ampunnnn,ampun
ampunnnnn,ampun
ampuun,ampun
ampuunn,ampun
ampuuun,ampun
ampuuunn,ampun
ampyunnnn,ampun
amu,kamu
amuh,kamu
anak'y,anaknya
"anak""",anak-anak
anak2,anak-anak
anak2e,anak-anaknya
anak2mu,anak-anakmu
anak2nya,anak-anaknya
anakny,anaknya
anakx,anaknya
analisise,analisis
ancur,hancur
ancurrr,hancur
anda,kamu
andaaa,anda
ane,saya
aned,banget
anedh,banget
aneed,banget
aneh2,aneh-aneh
anehhh,aneh
aneut,banget
anget,hangat
angis,nangis
anj,anjing
anjaaaayyyyyy,anjay
anjaayy,anjay
anjay,anjing
anjayyyy,anjay
anjeeengggg,makian
anjeng,anjing
anjing,makian
anjingnyaa,anjingnya
anjink,makian
anjir,anjing
anjirr,anjir
anjirrr,anjir
anjirrrr,anjir
anjjjjjjjj,anjing
anjrit,anjing
ank,anak
"ank""",anak-anak
ank2,anak-anak
ank2nya,anak-anaknya
ankknyaaa,anaknya
anknya,anaknya
ankx,anaknya
annnnjjjjjjrrrr,anjir
anter,antar
anterin,antar
anugrah,anugerah
anyeng,anjing
anyway,ngomong-ngomong
ap,apa
ap2,apa-apa
"apa""",apa-apa
apa2,apa-apa
apa2nya,apa-apanya
apaa,apa
apaaa,apa
apaaan,apaan
apaalahh,apalah
apaan,apa
apah,apa
apain,apai
apal,hapal
apalagiii,apalagi
apalai,apalagi
apalg,apalagi
apalgi,apalagi
apasih,apa sih
apasihhh,apasih
ape,apa
apes,sial
aph,apa
apikkkk,apik
aplikasiin,mengaplikasikan
aplks,aplikasi
aplot,unggah
apo,apa
apose,apa
appa,apa
applikasi,aplikasi
aps,apa
apun,apapun
apus,hapus
apva,apa
apz,apa
aq,aku
aqu,aku
aquwh,aku
arab2,arab-arab
arghhh,ah
artine,artinya
"artis""",artis-artis
artis2,artis-artis
artisnyaa,artisnya
"artist""",artis-artis
artix,artinya
asap,sesegera mungkin
asbun,asal bunyi
aseek,asyik
aseekk,asyik
asek,asyik
asekk,asyik
aseknya,asyiknya
asem,asam
asikkk,asik
asliii,asli
asliiii,asli
asliiiii,asli
aslinyo,aslinya
asoy,asyik
aspal,asli tetapi palsu
astafirullah,astagfirullah
astagaa,astaga
astagaaa,astaga
astagaaaa,astaga
astagaaaaaa,astaga
astagaaaaaaaa,astaga
astagfirrullah,astagfirullah
astagfirullh,astagfirullah
astauviruloh,astagfirullah
astgfrlh,astagfirullah
astgfrullah,astagfirullah
astrojim,astagfirullahaladzim
astul,asal tulis
asu,makian
asuuu,asu
asyikkkkk,asyik
atassan,atasan
atassss,atas
ath,kalau begitu
"ati""",hati-hati
ati2,hati-hati
atit,sakit
ato,atau
ats,atas
atu,satu
atuh,kalau begitu
atuhh,atuh
atuhhh,atuh
atutt,takut
atuu,satu
atw,atau
au ah,tidak mau tahu
aurot,aurat
autuhh,tau tuh
ava,avatar
awaas,awas
awak,saya
awal2,awal-awal
awk,awak
awl,awal
awoohhh,allah
aws,awas
ay,sayang
ayahh,ayah
ayang,sayang
ayank,sayang
ayok,ayo
ayoklaa,ayolah
ayoo,ayo
ayooo,ayo
ayoook,ayo
ayoookkkkkk,ayo
ayoooo,ayo
ayooook,ayo
ayuk,ayo
ayukk,yuk
aza,saja
azaab,azab
azeeeek,asik
azekkkk,asik
b2,berdua
b2an,berduaan
b3,bertiga
b4,sebelum
baaaaaang,bang
baaiikkk,baik
baang,bang
baanget,banget
baanggeettt,banget
babang,abang
babget,banget
babi,makian
baca2,baca-baca
bacaaaa,baca
bacahalah,bacalah
bacot,banyak bicara
bacotin,bacoti
badaaiii,badai
badaii,badai
badingkan,membandingkan
bae,baik
bae2,baik-baik
baek,baik
baek2,baik-baik
bagaatt,banget
bagaimanaaa,bagaimana
bagaimna,bagaimana
baget,banget
bagi2,bagi-bagi
bagiii,bagi
bagiin,membagikan
bagus2,bagus-bagus
bagusnyeee,bagusnya
baguss,bagus
bagusss,bagus
bagussss,bagus
baguusss,bagus
baguuus,bagus
baguuuuus,bagus
bahas2,bahas-bahas
baik2,baik-baik
baik2nya,baik-baiknya
baikk,baik
baikkk,baik
baikxa,baiknya
bais,habis
bajingan,makian
bajir,banjir
baju.a,bajunya
baju'a,bajunya
baju2,baju-baju
bakalan,akan
bakar,makian
bakar2in,bakar-bakari
bakattt,bakat
bales,balas
bales2in,balas-membalas
balesin,membalas
bandes,bantuan desa
bandingin,bandingkan
bangat,banget
bangcat,bangsat
bangdes,pembangunan desa
banged,banget
bangedd,banget
bangedh,banget
bangedt,banget
bangeeeeetttt,banget
bangeeeet,banget
bangeeet,banget
bangeeettt,banget
bangeer,banget
bangeet,banget
bangeett,banget
bangeettt,banget
banger,banget
banget,sangat
bangets,banget
bangett,banget
bangettt,banget
bangetttt,banget
bangettttt,banget
bangetttttt,banget
bangettttttt,banget
bangetttttttt,banget
bangetttttyt,banget
bangg,bang
"bangga""in",membangga-banggakan
bangga2in,membangga-banggakan
banggain,banggakan
bangget,banget
banggett,banget
bangke,bangkai
bangkotan,tua
bangkret,bangkrut
bangrt,banget
bangs,makian
bangsat,makian
bangshad,bangsat
bangt,banget
"bangt""",banget-banget
banhet,banget
banpol,bantuan polisi
banpres,bantuan presiden
banpur,bantuan tempur
bansarkas,bantuan sarana kesehatan
bante,bantai
bantuanny,bantuannya
bantuim,bantu
banx,bang
banyaaaaaak,banyak
banyaaaak,banyak
banyaak,banyak
banyak2,banyak-banyak
banyakin,membanyaki
bape,bawa perasaan
bapeeeer,bawa perasaan
bapeerr,bawa perasaan
baper,bawa perasaan
baperr,bawa perasaan
bapuk,rusak
bapukkk,makian
baraang,barang
barang2,barang-barang
barengan,bersamaan
barengg,bareng
baru2,baru-baru
baruu,baru
baryaw,sabar ya
basbang,basi
baso,bakso
basodaraa,bersaudara
bat,banget
batesin,batasi
batikk,batik
battt,banget
batwc,banget
"bawa""",bawa-bawa
bawa2,bawa-bawa
bawak,bawa
bay,selamat tinggal
bayangin,bayangkan
bazengg,bajingan
bazis,badan amal zakat infak dan sedekah
bbrp,beberapa
bbrpa,beberapa
bc,baca
bca,baca
bcanda,bercanda
bcnda,bercanda
bcoz,karena
bcr,bicara
bcs,bisa
bct,bicara
bdampingan,berdampingan
bdan,badan
bdg,bandung
bdn,badan
beb,sayang
bebal,bodoh
bebe,bb
bebeb,pacar
bebrp,beberapa
becanda,bercanda
beda2,beda-beda
bedaa,beda
bedaaa,beda
bedain,membedakan
bedainnya,membedakannya
bedakin,bedak
bedanyaaa,bedanya
bedua,berdua
begajulan,nakal
begete,banget
begin,awal
beginii,begini
beginiiii,begini
bego,bodoh
begok,bego
bejibun,banyak
bejilbbnya,berjilbabnya
bekel,bekal
"bela""in",membela-bela
bela2in,membela-bela
belain,membela
belanjaa,belanja
beliiin,belikan
beliin,membelikan
bellain,membela
belom,belum
belon,belum
belooomm,belum
beluumm,belum
benahin,membenahi
"benar""",benar-benar
benar2,benar-benar
benarin,membenarkan
benarjujur,benar
bencong,banci
benda2,benda-benda
bener,benar
"bener""",benar-benar
bener2,benar-benar
beneraan,benaran
beneran,benaran
benerr,benar
benet,benar
benetaran,benaran
bengkak2,bengkak-bengkak
benneeeeeerr,benar
bentar,sebentar
bentarr,bentar
ber'expresi,berekspresi
ber2,berdua
ber3,bertiga
berangat,berangkat
berani2,berani-berani
berantem,bertengkar
berarto,berarti
berati,berarti
beratttttttt,berat
berbakiti,berbakti
berbeda2,berbeda-beda
berbiiiiiihhh,barbie
berdikari,berdiri di atas kaki sendiri
berenanh,berenang
berenti,berhenti
beresin,membereskan
berfikir,berpikir
bergunaa,berguna
berhijap,berhijab
berjinah,berzina
berkluarga,berkeluarga
bermaksut,bermaksud
berntung,beruntung
bertatto,bertato
bertolernsi,bertoleransi
beruntungnyaaaa,beruntungnya
"besar""",besar-besar
besar2an,besar-besaran
besar2in,besar-besarkan
besarin,membesarkan
besokkk,besok
besook,besok
besoq,besok
bet,banget
bete,bosan
beti,beda tipis
bets,banget
better,lebih baik
bettt,banget
betul,benar
betul2,betul-betul
betuuuuulllllllllllllllll,betul
beud,banget
beudd,banget
beut,banget
bf,pacar
bg,bang
bgd,banget
bgect,banget
bget,banget
bgettt,banget
bgi,bagi
bgini,begini
bgitu,begitu
bgks,bungkus
bgm,bagaimana
bgmana,bagaimana
bgmn,bagaimana
bgmna,bagaimana
bgn,bangun
bgni,begini
bgntdr,bangun tidur
bgs,bagus
bgst,bangsat
bgt,banget
bgtt,banget
bgttt,banget
bgtttt,banget
bgttttttt,banget
bgtttttttt,banget
bgtu,begitu
bgtuu,begitu
bgun,bangun
bgus,bagus
bgussss,bagus
bhagaia,bahagia
bhagia,bahagia
bhas,bahas
bhay,selamat tinggal
bhet,banget
bhg,bahagia
bhgia,bahagia
bhgiain,membahagiakan
bhijab,berhijab
bhkn,bahkan
bhn,bahan
bhnya,bahannya
bhs,bahasa
bhubu,tidur
bhw,bahwa
bhwa,bahwa
bhy,bahaya
biar,agar
biarin,biarkan
biasa2,biasa-biasa
biasaa,biasa
biasaaa,biasa
biasaaaa,biasa
biasahhh,biasa
bijak2,bijak-bijak
bijimane,bagaimana
bijin,bikin
bikin,buat
bikinin,bikin
bikinnn,bikin
bilang,katakan
"bilang""",bilang-bilang
bilang2,bilang-bilang
bilangg,bilang
bilangin,bilang
bilanh,bilang
bilng,bilang
bimbuluh,bimbingan dan penyuluhan
binggo,banget
bingiiittttzzzz,banget
bingiiittzz,banget
bingiit,banget
bingiittt,banget
bingit,banget
bingits,banget
bingitss,banget
bingitsss,banget
bingitt,banget
bingittzz,banget
bingitzzzz,banget
bintal,bimbingan mental
bird,biru
biri,biru
bisaa,bisa
bisaaa,bisa
bisax,bisanya
bisi,kalau-kalau
bisya,bisa
biza,bisa
bj,baju
bju,baju
bk,buku
bka,buka
bkal,bakal
bkan,bukan
bkin,bikin
bkl,akan
bklan,bakalan
bkln,bakalan
bkn,bukan
bknnya,bukannya
bkr,bakar
bks,bungkus
bl,beli
blajar,belajar
blakon,berlakon
blegug,bodoh
bleh,boleh
blg,bilang
blh,boleh
bli,beli
bli2n,beli-belikan
blik,balik
blim,belum
bljr,belajar
blk,balik
blkang,belakang
blkg,belakang
blkng,belakang
blkngny,belakangnya
blln,bulan
blm,belum
bln,bulan
blng,bilang
blngn,bilang
blnja,belanja
bloghhh,goblok
blom,belum
bls,balas
blum,belum
bm,bidik misi
bnchi,benci
bnci,benci
bnda,bunda
bndg,bandung
bndr,bandar
bner,benar
"bner""",benar-benar
bner2,benar-benar
bneraan,benaran
bneran,benaran
bnern,benaran
bnerr,benar
bng,bang
bngatt,banget
bngeeeetttt,banget
bngeet,banget
bnget,banget
bngett,banget
bngettt,banget
bngetttt,banget
bnggain,banggakan
bngkit,bangkit
bngks,bungkus
bngng,bingung
bngt,banget
bngtt,banget
bngttt,banget
bngtttt,banget
bngtzt,banget
bngun,bangun
bngung,bingung
bngunlah,bangunlah
bngy,banget
bnk,bang
bnr,benar
bnr2,benar-benar
bnran,benaran
bnrbnr,benar-benar
bnrn,benaran
bntar,bentar
bntr,bentar
bntu,bantu
bnyak,banyak
bnyk,banyak
bnykny,banyaknya
bo'ong,bohong
bobo,tidur
bobok,tidur
bodhoo,bodoh
bodhooo,bodoh
bodor,lucu
bohay,badan aduhai
bokap,ayah
bokep,porno
boker,berak
bokin,pacar
bokis,bohong
bol3h,boleh
bolang,bocah petualang
bole,boleh
boleh2,boleh-boleh
boljug,boleh juga
bolot,bodoh
bonek,bocah nekat
bonyok,ayah ibu
boong,bohong
boro2,boro-boro
bosaan,bosan
bosen,bosan
bosen2,bosan-bosan
bosenin,membosankan
boss,bos
botakin,botaki
botakkkk,botak
boyeh,boleh
bpk,bapak
bpkmu,bapakmu
bpknya,bapaknya
br,baru
bradegan,beradegan
brangnya,barangnya
brani,berani
branjak,beranjak
brantem,berantem
brapa,berapa
brarti,berarti
brasa,berasa
brati,berarti
brayyy,bray
brb,segera kembali
brbakti,berbakti
brbuat,berbuat
brdiri,berdiri
brdua,berdua
brengsekk,brengsek
bres,beres
brg,bareng
"brg""",bareng-bareng
brgkt,berangkat
brhasil,berhasil
brhjb,berhijab
brhsl,berhasil
brisi,berisi
brita,berita
britanya,beritanya
brjaya,berjaya
brjdh,berjodoh
brjln,berjalan
brjodoh,berjodoh
brkfst,breakfast
brkunjun,berkunjung
brmslh,bermasalah
brngkt,berangkat
bro,saudara laki-laki
bronis,brondong manis
brp,berapa
brpa,berapa
brpndapat,berpendapat
brrt,berarti
brrti,berarti
brs,beres
brsama,bersama
brshbt,bersahabat
brsm,bersama
brsma,bersama
brsyukur,bersyukur
brthn,bertahan
brtmn,berteman
brtngkar,bertengkar
bru,baru
brubah,berubah
brur,saudara laki-laki
brusaha,berusaha
bs,bisa
bsa,bisa
bsen,bosan
bsk,besok
bsok,besok
bsoq,besok
bsr,besar
bt,buat
btg,batang
bth,butuh
btl,betul
btuh,butuh
btul,betul
btulan,betulan
btw,ngomong-ngomong
bu,ibu
bu_bu,tidur
buad,buat
buangbuang,buang
buanget,banget
buanyaaak,banyak
buat,membuat
buatin,membuat
buaya,tidak setia
bubarin,bubarkan
bubbu,tidur
buber,buka bersama
bubu,tidur
bucin,budak cinta
bujngn,bujangan
bujubune,luar biasa
bujukk,bujuk
buka2,buka-buka
buka2an,buka-bukaan
bukak,buka
bukan'a,bukannya
bukn,bukan
bukti2,bukti-bukti
buktiin,membuktikan
buktinyaaa,buktinya
bulcit,omong kosong
bulet,bulat
bumil,ibu hamil
bund,bunda
bundaa,bunda
bundaaa,bunda
bundaaaa,bunda
bunga2,bunga-bunga
bungggg,bung
bungkusin,bungkuskan
bungkuuussss,bungkus
bungkuuuuuuuuusss,bungkus
burem,buram
buruan,cepat
buruann,buruan
buruannn,buruan
buruk,jelek
busedh,buset
buseett,buset
buser,buru sergap
buset,makian
busuk,makian
butut,jelek
buuun,bun
buzzerbuzzer,buzzer
bw,bawa
bwa,bawa
"bwa""",bawa-bawa
bwh,bawah
bwhn,bawahan
bwt,buat
byak,banyak
byangin,membayangkan
byar,bayar
byaran,bayaran
byk,banyak
bynk,banyak
byr,bayar
byrin,bayarkan
bz,bisa
c,sih
c8,chat
caaannnttiikkk,cantik
caantiiik,cantik
cabal,sabar
cabe2,cabe-cabe
cabe2an,cabe-cabean
cabol,cabul
cabut,pergi
cacad,cacat
cadas,keren
cadasss,cadas
caem,cakep
caiank,sayang
cakeeeeppp,cakep
cakeep,cakep
cakep,cakap
cakepp,cakep
cali,caci
calo,makelar
cama-cama,sama-sama
campurin,mencampuri
can,belum
canci,cantik
cangcut,celana dalam
cannnnntikkkkkkk,cantik
cannntikk,cantik
cans,cantik
canteek,cantik
canti,cantik
cantiiiiiiik,cantik
cantiiiik,cantik
cantiiiikk,cantik
cantiiik,cantik
cantiiikk,cantik
cantiiikkk,cantik
cantiiillx,cantik
cantiik,cantik
cantiik2,cantik-cantik
cantiikk,cantik
cantiikkkk,cantik
cantik2,cantik-cantik
cantik2nya,cantik-cantiknya
cantika,cantik
cantikk,cantik
cantikkk,cantik
cantikkkk,cantik
cantikkkkk,cantik
cantikkkkkk,cantik
cantikkkkkkkk,cantik
cantikkkm,cantik
cantiknnnnyaaaaaaa,cantiknya
cantiknyaa,cantiknya
cantiknyaaa,cantiknya
cantiknyaaaaa,cantiknya
cantiks,cantik
cantikx,cantiknya
cantinya,cantiknya
cantip,cantik
cantiq,cantik
cantiqs,cantik
cantix,cantik
cantk,cantik
canttikkk,cantik
canttttikkk,cantik
canyk,cantik
capa,sapa
capcus,pergi
cape,capek
capee,cape
capek,lelah
caper,cari perhatian
caranga,caranya
cari,mencari
cari2,cari-cari
cariin,carikan
catet,catat
catiiiiik,cantik
catokin,catok
caur,jelek
caya,percaya
cayalah,percaya
cb,coba
cba,coba
ccok,cocok
cd,celana dalam
ce,cewek
ceemen,cemen
cek2,cek-cek
cekak,tidak ada uang
cekal,cegah tangkal
cekidot,coba lihat
ceklist,ceklis
cekola,sekolah
cekolah,sekolah
celalaw,selalu
celalu,selalu
cem,macam
cemburuu,cemburu
cemen,penakut
cemplungin,cemplungkan
cempreeng,cempreng
cemungudh,semangat
cemungut,semangat
cemunguth,semangat
cengengesan,tertawa
centillll,centil
centilnyaaaaaa,centilnya
ceper,pendek
cepet,cepat
cepet2,cepat-cepat
cepetan,cepatan
cerdass,cerdas
cerdiik,cerdik
ceritax,ceritanya
ceu,kakak perempuan
cew,cewek
cewe,cewek
cewer,jewer
chelalyyu,selalu
choker2,choker-choker
chuyunk,sayang
ciapa,siapa
cibuk,sibuk
cibuq,sibuk
ciee,cie
cieee,cie
cieeee,cie
cieeeee,cie
ciieeeeeee,cie
ciiieee,cie
cimeng,ganja
cin,cinta
cinggirnyaaaa,cinggirnya
cini,sini
cino,cina
cintaaaaaaa,cinta
cintax,cintanya
cipika cipiki,cium pipi kanan cium pipi kiri
ciptain,menciptakan
cita2,cita-cita
ciumman,ciuman
ciusss,serius
ciuuuummmm,cium
ciye,cie
ciyeeee,cie
ciyeeeeeee,cie
ciyh,sih
ciyus,serius
ciyusss,serius
ck,ckck
ckck,ck
ckckck,ckck
ckepp,cakep
ckp,cukup
ckrg,sekarang
ckrng,sekarang
ckup,cukup
clbk,cinta lama bersemi kembali
cll,selalu
cllu,selalu
cllw,selalu
cm,cuma
cma,cuma
cman,cuman
cmiiw,correct me if i'm wrong
cmkn,camkan
cmn,cuman
cmpk,cempaka
cmpr,campur
cmpur,campur
cnenk,senang
cnt,cinta
cntiiikkk,cantik
cntik,cantik
cntikan,cantikan
cntikk,cantik
cntiknya,cantiknya
cntk,cantik
co,cowok
cobaa,coba
cobaaa,coba
cobaaaa,coba
cobain,mencoba
cobak,coba
coccokk,cocok
cock,cocok
cocokk,cocok
cocokkk,cocok
cocokkkk,cocok
cocokkkkk,cocok
cocokny,cocoknya
cocokx,cocoknya
cocook,cocok
cocookk,cocok
coeg,jancuk
coeggg,coeg
cogan,cowok ganteng
comen,komen
comen2nya,komen-komennya
coment,komentar
comment2nya,komentar-komentarnya
comnet,komen
comntr,komentar
cong,banci
congor,mulut
congrats,selamat
conlok,cinta lokasi
cooocok,cocok
cooooooocok,cocok
"coret""",coret-coret
cow,cowok
cowo,cowok
cowwyy,maaf
coxok,cocok
coyyy,coy
coz,karena
cp,siapa
cpa,siapa
cpat,cepat
cpe,capek
cpee,capek
cpet,cepat
cpit,sipit
cppa,siapa
cppe,capek
cpt,cepat
cptn,cepatan
cr,cara
cri,cari
critamu,ceritamu
crop,potong
crt,cerita
cth,contoh
cuaaantikk,cantik
cuaantik,cantik
cuantek,cantik
cuanti,cantik
cuantik,cantik
cuantikkk,cantik
cubanget,lucu banget
cuchook,cocok
cuco,cocok
cucok,cocok
cucokkk,cocok
cuek,tidak acuh
cuex,cuek
cug,jancuk
cuk,jancuk
cukurrr,cukur
cuman,Cuma
cumi,Cuma miscall
cumn,cuman
cums,cuma
cungguh,sungguh
cungkring,kurus tinggi
cups,culun
cupu,culun
curanmor,pencurian kendaraan bermotor
curas,pencurian dengan kekerasan
curcol,curahan hati colongan
curhat,curahan hati
curhat2,curhat-curhat
cuyy,cuy
cuyyy,cuy
cw,cewek
cwe,cewek
cwek,cewek
cwnya,ceweknya
cwo,cowok
cwok,cowok
cya,sampai jumpa lagi
cyang,sayang
cyiiin,cinta
cyin,cinta
cz,karena
d,di
d.apa,diapa
d.bikinin,dibikin
da,ada
daaaah,deh
daaah,dah
daah,dah
dafuk,kurang ajar
dagh,sudah
dah,deh
dahhhh,dah
dak,indak
dalem,dalam
dalem2,dalam-dalam
dalil2,dalil-dalil
dallam,dalam
damang,sehat
damat,tidak peduli
dapa,ada apa
dapah,ada apa
dapet,dapat
dapetin,mendapatkan
darpada,daripada
dasaar,dasar
dasarrr,dasar
dasyat,dahsyat
dateng,datang
dberkahi,diberkahi
dblg,dibilang
dblkang,dibelakang
dblkng,dibelakang
dbls,dibalas
dbnding,dibanding
dbuat,dibuat
dbwh,dibawah
dbwt,dibuat
dbyr,dibayar
dcintai,dicintai
ddlm,di dalam
ddpat,didapat
ddpt,didapat
de,dek
debay,adek bayi
dech,deh
dede,adek
dedek,adek
dedeknya,adeknya
dee,dek
deeek,dek
deeh,deh
deg2an,deg-degan
dehat,sehat
dehh,deh
dehhh,deh
dehhhh,deh
dek,adik
deket,dekat
deketin,dekati
dekk,dek
dekkk,dek
dekt,dekat
dem,makian
demen,suka
dempa,demi apa
dempga,semoga
dengarin,mendengarkan
dengeeriin,dengarkan
denger,dengar
dengerin,mendengarkan
deres,deras
deuhh,duh
dewassa,dewasa
deyh,deh
dftr,daftar
dg,dengan
dgn,dengan
dgr,dengar
dgrn,dengarin
dh,dah
dhe,deh
dhi,di
dhpusin,dihapuskan
diaa,dia
diaaa,dia
diajarin,diajari
diakibtkn,diakibatkan
"diam""",diam-diam
diamkn,diamkan
diancurin,dihancurkan
dianter,diantar
dianterin,diantarkan
diapa2in,diapa-apai
diapain,diapakan
dibangga'in,dibangga-banggakan
dibanggain,dibanggakan
dibiarin,dibiarkan
dibikin2,dibikin-bikin
dibkatakan,dikatakan
dibls,dibalas
dibnggain,dibanggakan
didapet,didapat
didatengin,didatangi
didenger,didengar
didengerin,didengarkan
dieee,dia
diem,diam
diemin,diamkan
diemm,diam
difotoin,difoto
digabtikan,digantikan
digambarin,digambarkan
diginiin,dibeginikan
diginikan,dibeginikan
digituin,dibegitukan
digosipin,digosipkan
dihargain,dihargai
dihh,dih
dihpus,dihapus
dii,di
diihhhh,dih
diindonesis,diindonesia
diingetin,diingatkan
dijadiin,dijadikan
dijelekin,dijelekkan
dijkt,dijakarta
dijwb,dijawab
dikata2in,dikata-katai
dikatain,dikatai
dikemanain,dikemanakan
dikerasin,dikerasi
dikit,sedikit
diksi,dikasih
diladenin,diladeni
dilepas2,dilepas-lepas
diliat,dilihat
diliatnya,dilihatnya
dilindungin,dilindungi
diluangin,diluangkan
diluarann,diluaran
dimaafin,dimaafkan
"dimana""",dimana-mana
dimana2,dimana-mana
dimance,dimana
dimandose,dimana
dimans,dimana
dimao,dimau
dimarahin,dimarahi
dimasukin,dimasuki
dimintak,diminta
dimna,dimana
dimusiumin,dimuseumkan
dinamakn,dinamakan
"dingin""",dingin-dingin
dinyanyiin,dinyanyikan
dipake,dipakai
dipendem,dipendam
dipermainin,dipermainkan
dipikirin,dipikirkan
dipojokin,dipojokkan
dipuja2,dipuja-puja
diputusin,diputuskan
dirimuuu,dirimu
dirmh,dirumah
dirumahny,dirumahnya
disc,diskon
disiniii,disini
disni,disini
disono,di sana
disupirin,disopiri
ditayangin,ditayangkan
ditemenin,ditemani
ditengah2,ditengah-tengah
ditutupin,ditutupi
dituutup,ditutup
diuber,dikejar
diurusin,diurusi
djkt,di jakarta
djl,di jalan
djln,di jalan
dkat,dekat
dket,dekat
dket2in,dekat-dekati
dkit,sedikit
dkk,dan kawan-kawan
dkls,di kelas
dkmps,di kampus
dkmr,di kamar
dkntr,di kantor
dksh,dikasih
dkt,dekat
dkuburnya,dikuburnya
dl,dulu
dlam,dalam
dll,dan lain-lain
dlm,dalam
dlrng,dilarang
dlu,dulu
dluan,duluan
dluar,diluar
dmana,dimana
dmkn,dimakan
dmn,dimana
dmna,dimana
dmnmn,dimana-mana
dmny,dimananya
dn,dan
dng,dengan
dngan,dengan
dngar,dengar
dnger,dengar
dngerin,mendengarkan
dngn,dengan
dngr,dengar
dnk,dong
do,di
doa2,doa-doa
doaang,doang
doang,saja
doangam,doang
doank,doang
dodol,bodoh
doeloe,dulu
doi,dia
doku,uang
don juan,playboy
dong,dong
dongg,dong
donggg,dong
dongggg,dong
dongs,dong
donk,dong
donkk,dong
donks,dong
donlot,unduh
donx,dong
doong,dong
doonk,dong
dooong,dong
dosa2mu,dosa-dosamu
dosaa,dosa
dosaaaaaaaaaa,dosa
dosax,dosanya
doskon,diskon
doyan,suka
dpan,depan
dpet,dapat
dpk,depok
dpke,dipakai
dpkrkn,dipikirkan
dpn,depan
dpnrmh,depan rumah
dposisi,diposisi
dpotong,dipotong
dpt,dapat
dptkan,dapatkan
dptnya,dapatnya
dr,dari
dramaa,drama
drg,dokter gigi
drh,darah
dri,dari
drii,dari
drimana,darimana
drimnanya,darimananya
dripada,daripada
dripda,daripada
drmana,darimana
drmh,dirumah
drmn,darimana
drpada,daripada
drpd,daripada
drtd,dari tadi
drumah,di rumah
dsana,disana
dsar,dasar
dsb,dan sebagainya
dsblh,di sebelah
dsini,disini
dsklh,di sekolah
dsna,disana
dsni,disini
dsr,dasar
dsrny,dasarnya
dssi,disisi
dst,dan seterusnya
dstu,disitu
dteng,datang
dtg,datang
dtggu,ditunggu
dtgkan,datangkan
dtgny,datangnya
dtinggl,ditinggal
dtmbh,ditambah
dtmpt,di tempat
dtng,datang
dtnggu,ditunggu
dtunggu,ditunggu
dua2nya,dua-duanya
duanyaa,duanya
duetin,duet
dugem,dunia gemerlap
duh,aduh
duhh,duh
duhhh,duh
duhhhhh,duh
duit,uang
dulurrr,dulur
duluu,dulu
duluuu,dulu
duluw,dulu
dumsss,dong
dung,dong
dungu,bodoh
dunk,dong
dureen,duren
duren,durian
durhaka2,durhaka-durhaka
duuhh,duh
duuhhh,duh
duuhhhhh,duh
duuuhh,duh
duuuhhh,duh
dwh,deh
dwsa,dewasa
dy,dia
dya,dia
dzolim,zalim
e,elektronik
e-money,uang digital
ea,ya
eakyu,waktu
ed,edisi
edaaaan,edan
edaaan,edan
edaaann,edan
edan,gila
edannn,edan
editannn,editan
eeeeh,eh
eeeehhhh,eh
eehhh,eh
eek,makian
eeq,feses
eey,eh
ego,emosi
egp,emang gue pikirin
eh,ah
ehh,eh
ehhh,eh
eike,aku
eke,aku
eksprsi,ekspresi
elaaaahhhh,alah
elahh,alah
elo,lo
elo2,lo-lo
eloo,lo
elu,lu
elus2,elus-elus
ema,emak
emak2,emak-emak
emakx,emaknya
emang,memang
emangnya,memangnya
emank,memang
emeessss,gemas
emeezzz,gemas
emeshh,gemas
emesshhh,gemas
emessss,gemas
emg,memang
emk,emak
emng,memang
emngnya,memangnya
emnknya,memangnya
emte,makan teman
enakkkkk,enak
endak,tidak
engga,enggak
"engga""",enggak-enggak
enggak,tidak
engk,enggak
enk,enak
entahhh,entah
entar,nanti
ente,kamu
entr,entar
envy,iri
epe,apa
eps,episode
epsd,episode
eror,error
etc,et cetera
eteb,bosan
eug,saya
euyyyyy,euy
ex,mantan
expresi,ekspresi
ext,extension
eyke,aku
faham,paham
fake,falsu
fakta2,fakta-fakta
faktakta,fakta
fakultass,fakultas
fans,fan
fans2,fan-fan
faq,pertanyaan umum
fatanik,fanatik
fav,favorit
fave,favorit
favoriteeee,favorit
fax,facsimile
fb,facebook
fham,paham
fhm,paham
fhoto,foto
fhotonya,fotonya
fi,di
fifo,first in first out
fikiran,pikiran
fillm,film
filmny,filmnya
finek,finansial ekonomi
fitnag,fitnah
fix,pasti
flim.a,filmnya
flm,film
folbek,follow back
fotbar,foto bareng
"foto""",foto-foto
foto2,foto-foto
foto2nya,foto-fotonya
fotoin,memfoto
fotony,fotonya
frestasiii,prestasi
ft,foto
fto,foto
fto2,foto-foto
fuck,makian
fwd,diterukan
fyi,sebagai informasi
g,enggak
ga,enggak
gaa,enggak
gaada,enggak ada
gabakal,enggak bakal
gabisa,enggak bisa
gaboleh,tidak boleh
gabut,gaji buta
gada,enggak ada
gadiss,gadis
gaenak,tidak enak
gag,enggak
gagahx,gagahnya
gahar,sangar
gaharus,enggak harus
gajadi,tidak jadi
gaje,enggak jelas
gajebo,tidak jelas
gajelas,enggak jelas
gak,enggak
gak papa,tidak apa-apa
gakk,enggak
gakkk,enggak
gakpapa,enggak apa-apa
gakuat,enggak kuat
gakusah,enggak usah
gakwad,enggak kuat
gakz,tidak
galau,bimbang
galo,galau
gamasuk,tidak masuk
gamau,enggak mau
gambarin,gambarkan
gan,juragan
gangguin,mengganggu
gans,ganteng
ganteeeeng,ganteng
ganteng2,ganteng-ganteng
gantengbs,ganteng
gantengg,ganteng
gantenggg,ganteng
gantengkuuuuuu,gantengku
gantengnyaaaa,gantengnya
gantengsaya,ganteng
ganteung,ganteng
gantheng,ganteng
ganti'kn,menggantikan
gantii,gantis
gantiin,menggantikan
gantng,ganteng
gantweng,ganteng
gapake,enggak pakai
gapap,enggak apa-apa
gapapa,tidak apa-apa
gapernah,enggak pernah
gaprgi,enggak pergi
gaptek,gagap teknologi
gapunya,enggak punya
gara'',gara-gara
"gara""",gara-gara
gara2,gara-gara
garem,garam
garemin,garami
garing,hambar
garuk2,garuk-garuk
gasalah,enggak salah
gasih,enggak sih
gasuka,tidak suka
gatau,enggak tau
gataunya,enggak taunya
gataw,tidak tahu
gatek,gagap teknologi
gatel,gatal
gatot,gagal total
gausa,enggak usah
gausah,enggak usah
gawe,kerja
gawl,gaul
gawul,gaul
gax,tidak
gayannxa,gayanya
gayany,gayanya
gayax,gayanya
gblk,goblok
gbr,gambar
gbs,enggak bisa
gbsa,tidak-bisa
gda,enggak ada
gde,gede
gdg,gudang
gebetan,orang yang disuka
gebleg,geblek
gedeg,gedek
geeelaakk,gila
geer,gede rasa
geetoo,begitu
gegra,gegara
geh,gih
gehh,gih
geje,tidak jelas
gelo,gila
gemay,gemas
gembel,jelek
gemeeezzzz,gemas
gemeessss,gemas
gemes,gemas
gemesiin,menggemaskan
gemesin,menggemaskan
gemesinnnnn,menggemaskan
gemesnya,gemasnya
gemess,gemas
gemesshh,gemas
gemesshzzzzhzzhzhzhsjssjs,gemas
gemesss,gemas
gemesyak,gemas ya
gemez,gemas
gemezz,gemas
gemezzzz,gemas
gemmeeezzz,gemas
genduut,gendut
geneeee,begini
gengges,ganggu
genggg,geng
genittt,genit
gepeng,gelandangan dan pengemis
geuliiiiiiis,geulis
gewlaaaaa,gila
gf,pacar
gg,enggak
gga,enggak
gggrrrrrrrr,makian
ggl,gagal
ghiey,lagi
ghiy,lagi
gi,lagi
giitu,begitu
gilaa,gila
gilaaa,gila
gilaaaa,gila
gilaaaaaa,gila
gilak,gila
gilakkk,gila
gilakkkkk,gila
gilakkkkkk,gila
gile,gila
gils,gila
gilsss,gila
gilzz,gila
giman,gigi mancung
gimana,bagaimana
gimanaa,bagaimana
gimanaaaa,bagaimana
gimn,bagaimana
gimna,bagaimana
gingsungny,gingsulnya
gini,begini
ginian,beginian
ginii,begini
giniii,begini
giniin,beginikan
gino,gigi nongol
ginting,ganteng
gitchu,gitu
githu,gitu
giti,begitu
gitu,begitu
gitu2,begitu-gitu
gituan,begituan
gituh,begitu
gituin,begitukan
gitulah,begitulah
gituu,begitu
gituuu,begitu
gituuuuu,begitu
gj,tidak jelas
gk,enggak
gkhianati,mengkhianati
gkk,enggak
gkkan,enggak akan
gksalah,enggak salah
gksi,enggak sih
glembeeeer,gelambir
gmana,bagaimana
gmanapun,bagaimanapun
gmau,enggak mau
gmbr,gambar
gmn,bagaimana
gmna,bagaimana
gmpg,gampang
gmpng,gampang
gn,begini
gndakan,gandakan
gngguan,gangguan
gni,begini
gnii,begini
gnti,ganti
gnyngka,enggak menyangka
goblog,goblok
goblok,bodoh
goblokkk,goblok
gogon,go internasional
gokiiill,gila
gokil,gila
gokill,gila
gokilll,gila
gokillllll,gila
gokilnya,gilanya
golput,golongan putih
gombal,suka merayu
goncengin,boncengkan
good,bagus
gosipin,menggosipkan
gossip2.an,gosip-gosipan
governor,gubernur
gowes,mengayuh sepeda
gpl,tidak pakai lama
gpny,tidak punya
gpp,enggak apa-apa
gprnh,tidak pernah
gr,gede rasa
gr2,gara-gara
gra2,gara-gara
graaatiiiis,gratis
grammar,tata bahasa
gratisan,gratis
gratiss,gratis
gratisss,gratis
greged,greget
gretong,gratis
gretongan,gratisan
grgr,gara-gara
grr,sebal
grrr,makian
grunya,gurunya
gt,begitu
gtau,enggak tau
gthu,begitu
gtu,begitu
"gtu""",begitu-gitu
"gtu""an",begitu-gituan
gtu2,begitu-gitu
gtuh,begitu
gtuu,begitu
gtw,enggak tau
gua,saya
guaa,gua
guaaaaaaa,gua
guanteng,ganteng
gub,gubernur
gue,saya
guee,gue
gueee,gue
gueeeee,gue
gunaa,guna
guoblok,goblok
guw,gue
guys,teman-teman
gw,gue
gwa,saya
gws,cepat sembuh
gx,enggak
gya,gaya
ha,tertawa
hacep,pesta pora
hadapin,menghadapi
haddeh,aduh
hadeeehhh,aduh
hadeehh,aduh
hadeeuh,aduh
hadeh,aduh
hadeuh,aduh
hadeuuh,aduh
hadeuuhhhh,aduh
hadirr,hadir
hadirrr,hadir
hadoh,aduh
haduh,aduh
haduuuh,aduh
haghaghag,tertawa
haha,tertawa
hahaa,haha
hahah,haha
hahaha,haha
hahahaa,haha
hahahah,haha
hahahaha,haha
hahahahaha,haha
hahahart,haha
hahahhaha,haha
hahart,haha
hahha,haha
haii,hai
haiii,hai
hajar,makian
hakhak,tertawa
hal2,hal-hal
halahh,alah
halangin,halangi
halllo,halo
hallo,halo
hallooo,halo
hallow,halo
halooo,halo
halow,halo
hampasss,hempas
hancurin,menghancurkan
hancuuuuuy,hancur
handak,bahan peledak
hankam,pertahanan dan keamanan
hansip,pertahanan sipil
hapal,hafal
"happi""",hepi-hepi
happy,bahagia
hapusin,hapuskan
haqq,hakiki
haragain,menghargai
hardcore,keras
hargain,hargai
hargs,harga
hari2,hari-hari
harini,hari ini
haru,harus
hasilnyaaa,hasilnya
haslnya,hasilnya
hat,hati
hater,pembenci
haters,pembenci
hati.a,hatinya
"hati""",hati-hati
hati2,hati-hati
hatii,hati
hatiiii,hati
hay,hai
hayal,khayal
hayalanku,khayalanku
hayo,ayo
hayooo,hayo
hayukk,hayo
hayuu,hayo
hbd,happy birthday
hbis,habis
hbng,hubungi
hbs,habis
hbskn,habiskan
hdk,hendak
hdp,hidup
hdpn,hadapan
hdpnya,hidupnya
hdr,hadir
hdup,hidup
he,haha
hebaat,hebat
hebatt,hebat
hedeuuhh,aduh
heeee,hai
heh,haha
hehe,he
hehehe,haha
hehehehe,haha
hehert,haha
hehh,eh
heii,hai
helloo,halo
hellooooooo,halo
hellow,halo
helo,halo
helooooo,halo
helow,halo
hematt,hemat
hempaass,hempas
heter,pembenci
heters,pembenci
hey,hai
hgga,hingga
hha,haha
hhahaha,haha
hhe,haha
hi,hai
hianatin,khianati
hidiyah,hidayah
hiduppp,hidup
hidupppp,hidup
hidupx,hidupnya
hiduupppp,hidup
hihi,haha
hihihi,haha
hihihihi,haha
hiii,hai
hijaabbb,hijab
hijabb,hijab
hijap,hijab
hilangin,menghilangkan
hilangv,hilang
himana,bagaimana
hiraukn,hiraukan
hiri,hari
hit,terpopuler
hits,terkini
hlg,hilang
hlm,halaman
hlmn,halaman
hlng,hilang
hmpir,hampir
hndak,hendak
hndk,hendak
hngga,hingga
hny,hanya
hnya,hanya
hoax,isu bohong
hoho,haha
hokiii,hoki
hotak,botak
hotx,hotnya
houm,rumah
hp,handphone
hpus,hapus
hqq,hakiki
hr,hari
hrg,harga
hrgny,harganya
hri,hari
hrs,harus
hrsny,harusny
hrsnya,harusnya
hrus,harus
hrusnya,harusnya
hslnya,hasilnya
ht,hati
hti,hati
hub,menghubungi
hubad,hubungan angkatan darat
hubdar,perhubungan darat
hubla,perhubungan laut
hubngan,hubungan
hubunggi,hubungi
huff,mengeluh
huft,mengeluh
hujatann,hujatan
hum,rumah
humas,hubungan masyarakat
humoris,lucu
hums,rumah
humz,rumah
hurts,pedih
huum,iya
hy,hai
ia,ya
iaa,iya
iah,ya
ibliss,iblis
ibu2,ibu-ibu
ibuk2,ibu-ibu
idamann,idaman
idiiot,idiot
idk,saya tidak tahu
idolaa,idola
idoolaaa,idola
idung,hidung
idungnya,hidungnya
idup,hidup
idupnya,hidupnya
ig,instagram
igtlah,ingatlah
ihh,ih
ihhh,ih
ihhhh,ih
ihhhhh,ih
iih,ih
iihh,ih
iiih,ih
iiihh,ih
iiihhhh,ih
iiihhhhh,ih
iiii,ih
iiiihhhhhj,ih
iiiiiiiii,ih
iiiiiiiiii,ih
ijap,ijab
ikh,ih
iki,ini
ikon,lambang
ikut2,ikut-ikut
ikut2an,ikut-ikutan
ikutin,mengikuti
ilang,hilang
ilang-in,hilangkan
"ilang""",hilang-hilang
ilang2,hilang-hilang
ilang2an,hilang-hilangan
ilfeel,tidak suka
ilfil,tidak suka
ilmh,ilmu
ily,saya cinta kamu
imba,jago sekali
imho,in my humble opinion
imoet,imut
imoetz,imut
imut2,imut-imut
imutt,imut
imutttttt,imut
imuttzz,imut
imuutt,imut
imuuttt,imut
in,ini
indahhh,indah
indefendet,independen
indo,indonesia
indoneaia,indonesia
indonesiaaa,indonesia
indonesiaah,indonesia
indosatttt,indosat
info,informasi
infpyunnnn,ampun
ingeet,ingat
inget,ingat
ingetin,mengingatkan
inggat,ingat
inggrisny,inggrisnya
inghinn,ingin
ingi,ingin
inginkn,inginkan
ingt,ingat
inia,ini
iniehh,ini
inih,ini
inihhh,ini
inii,ini
iniii,ini
iniiiii,ini
iniiiiiiiiiiiiiii,ini
iniw,ini
inni,ini
insom,insomnia
insonniaaa,insomnia
iooo,lo
iow,dengan kata lain
ipon,iphone
iriiiii,iri
irit,hemat
iseng2,iseng-iseng
isengin,bercanda
ista,nista
istaa,nista
istimewaaa,istimewa
istiqamah,istikamah
istiqomah,istikamah
istiqomahhh,istikamah
istrht,istirahat
it,itu
item,hitam
ithu,itu
itu,itu
ituh,itu
itumah,itu
itumahh,itumah
itung,hitung
itungan,hitungan
ituu,itu
ituuu,itu
ituuuu,itu
ityl,itil
iu,itu
iy,iya
iya,ya
iyaa,iya
iyaaa,iya
iyaaaa,iya
iyaap,iya
iyaappps,iya
iyach,iya
iyah,iya
iyain,mengiyakan
iyak,iya
iyala,iya lah
iyap,iya
iyapz,iya
iye,iya
iyee,ya
iyh,iya
iyha,iya
iyo,iya
iyoo,iya
iyuh,ih
iyup,iya
iyupz,iya
iyuuhhh,ih
iyuuuhhhh,ih
j,saja
ja,saja
jaaangan,jangan
jaadii,jadi
jablay,jarang dibelai
jadii,jadi
jadiin,jadikan
jadilh,jadilah
jadu,jadi
jadul,jaman dulu
jadull,jadul
jadulnya,jaman dulunya
jagain,jaga
jahatin,menjahati
jaim,jaga image
jakety,jaketnya
"jalan""nya",jalan-jalannya
jalan2,jalan-jalan
jalanani,menjalani
jalanin,menjalani
jamam,jaman
jaman2,jaman-jaman
jaman2nya,jaman-jamannya
jamber,jam berapa
jan,jangan
jancoeg,jancuk
jancuk,anjing
"jangan""",jangan-jangan
jangan2,jangan-jangan
janjinyaa,janji
janjutin,lanjutkan
janka,jangka
jaoooh,jauh
jari2,jari-jari
jatoh,jatuh
jatuhnyaa,jatuhnya
jauhh,jauh
jauhhh,jauh
jauhin,jauhi
jauuhhh,jauh
jawabanny,jawabannya
jawabanya,jawabannya
jayus,tidak lucu
jd,jadi
jd'y,jadinya
jdi,jadi
jdii,jadi
jdikan,jadikan
jdny,jadinya
jdnya,jadinya
jdulnya,judulnya
jdwl,jadwal
"jelas""",jelas-jelas
jelas2,jelas-jelas
jelase,jelas
jelashh,jelas
jelasssss,jelas
"jelek""in",menjelek-jelekkan
jelek2,jelek-jelek
jelekin,menjelekkan
jelex,jelek
jels,jelas
jem,jam
jendes,janda
jendess,janda
jendesss,janda
jendral,jenderal
jeniuss,jenius
jentelmen,berani
jerewi,jerawat
jg,juga
jga,juga
jgan,jangan
jgk,juga
jglh,jagalah
jgn,jangan
jgn2,jangan-jangan
jgnjgn,jangan-jangan
jgnkan,jangankan
jh,saja
jidad,jidat
jijay,jijik
jilbabny,jilbabnya
jilbabnyaah,jilbabnya
jilbabnye,jilbabnya
jilbb,jilbab
jing,anjing
jink,anjing
jir,anjing
jirr,anjir
jirrrr,anjir
jjur,jujur
jk,jika
jkrt,jakarta
jkrta,jakarta
jkt,jakarta
jl,jalan
jlbb,jilbab
jlek,jelek
jln,jalan
jln2,jalan-jalan
jls,jelas
jls2,jelas-jelas
jm,jam
jmbtn,jembatan
jml,jumlah
jmlh,jumlah
jmnya,jamnya
jmpaaaa,jumpa
jmpt,jemput
jmt,jumat
jnagn,jangan
jnda,janda
jng,jangan
jngan,jangan
jngn,jangan
jngnn,jangan
jnj,janji
jodohny,jodohnya
jodohx,jodohnya
jogetin,berjoget
jomblo,tidak punya pacar
jombsss,jomblo
jorokkkk,jorok
jorookknya,joroknya
jpn,jepang
jrang,jarang
jrg,jarang
jringan,jaringan
jrng,jarang
jrnk,jarang
jt,juta
jth,jatuh
jubir,juru bicara
judulnyaa,judulnya
jugaa,juga
jugaaa,juga
jugaakk,juga
jugak,juga
jungkiir,jungkir
jurdil,jujur adil
justeru,justru
jutek,galak
jwab,jawab
jwb,jawab
jwban,jawaban
jwbn,jawaban
jwbny,jawabannya
k,ke
k',kak
ka,kak
kaa,kak
kaaa,kak
kaaaa,kak
kaaaaa,kak
kaaaaaaaaaakkkkkkkkkkk,kak
kaaaaaann,kan
kaaakk,kak
kaaan,kan
kaak,kak
kaakaaaa,kakak
kaakk,kak
kaan,kan
kaannnn,kan
kaasian,kasihan
kab,kabupaten
kabag,kepala bagian
kabor,kabur
kacauuuu,kacau
kacian,kasihan
kaciiaann,kasihan
kacrut,kacau
kadit,kepala direktorat
kadiv,kepala divisi
kafeh,kafe
kaga,kagak
kagak,tidak
kageeet,kaget
kageet,kaget
kaitannha,kaitannya
kaj,kak
kak,kakak
kaka,kakak
kakakaaaaaaaaaaaaaa,kakak
kakakgh,kakak
kakakkk,kakak
kakakny,kakaknya
kakakuuu,kakakku
kakanga,kakaknya
kakanya,kakaknya
kakau,kalau
kakk,kakak
kakkk,kak
kakkkk,kak
kakkkkk,kak
kalahnye,kalahnya
kale,kali
kalee,kali
kaleee,kali
kaleyan,kalian
kaliaan,kalian
kaliann,kalian
kaliannn,kalian
kaliannnnnm,kalian
kaliannnnnn,kalian
kaliannnnnnn,kalian
kalii,kali
kaliii,kali
kaliiii,kali
kaliiiiiii,kali
kaliiin,kalian
kalik,kali
kalli,kali
kallo,kalo
kalo,kalau
kalogak,kalo enggak
kalok,kalo
kaloo,kalo
kalu,kalau
kalw,kalau
kam,kamu
kamiiii,kami
kamo,kamu
kampret,sialan
kampungn,kampungan
kamseupay,kampungan
kamsud,maksud
kamtib,keamanan dan ketertiban
kamtibmas,keamanan dan ketertiban masyarakat
kamu,kamu
kamu2,kamu-kamu
kamuh,kamu
kamunyaa,kamunya
kamuu,kamu
kamuuuu,kamu
kamuwh,kamu
kamyu,kamu
kamyuhhh,kamu
kana,kanan
kanapa,kenapa
kancang,kencang
kangeeeeeeeeeeennnnn,kangen
kangeeeeeeeeennnnnnnn,kangen
kangeeeeeeeenya,kangen
kangeeeeennn,kangen
kangeeeennn,kangen
kangeeeennnnn,kangen
kangeeerrn,kangen
kangeen,kangen
kangeenn,kangen
kangem,kangen
kangenn,kangen
kangennn,kangen
kangennnn,kangen
kangennnnn,kangen
kangennnnnmnnnnnnnnnnnnnnnnn,kangen
kangennnnnn,kangen
kangennnnnnn,kangen
kangennnnnnnnnnnnnnnn,kangen
kanggen,kangen
kanggggg,kang
kann,kan
kannn,kan
kanwil,kantor wilayah
kapaan,kapan
kapan2,kapan-kapan
kapn,kapan
kapt,kapten
kareno,karena
karir.a,karirnya
karmaaa,karma
karn,karena
karna,karena
karoke,karaoke
kartunin,kartun
"karya""",karya-karya
karya2,karya-karya
kasar2,kasar-kasar
kasat,kepala satuan
kasi,kasih
kasiaannn,kasihan
kasian,kasihan
kasiannn,kasihan
kasiatnya,khasiatnya
kasihn,kasihan
kasiian,kasihan
kasubbag,kepala subbagian
kasubbid,kepala subbidang
"kata""",kata-kata
kata2,kata-kata
kata2nya,kata-katanya
kata2nyaaa,kata-katanya
katanyaa,katanya
kate,kata
katrok,kampungan
katroooo,makian
kau,kamu
kauuuu,kau
kawinin,mengawini
kaya,kayak
kaya'a,kayanya
kayaa,kaya
kayahhh,kaya
kayak,seperti
kayakk,kayak
kayaknya,sepertinya
kayanya,kayaknya
kayanye,kayanya
kayaq,kayak
kayax,kayak
kbahagiaan,kebahagiaan
kbar,kabar
kbawa,terbawa
kberkahn,keberkahan
kbetulan,kebetulan
kbiasaan,kebiasaan
kbnykn,kebanyakan
kbr,kabar
kbtln,kebetulan
kbykn,kebanyakan
kca,kaca
kcantikan,kecantikan
kcewa,kecewa
kcian,kasihan
kcil,kecil
kcwa,kecewa
kdang,kadang
kdg,kadang
kdg2,kadang-kadang
kdng,kadang
kdpn,ke depan
kdu,harus
kdua,kedua
keak,kayak
kebagi,terbagi
"kebaikan""y",kebaikannya
kebalas,terbalas
kebangetak,kebangetan
kebanggan,kebanggaan
kebarat2an,kebarat-baratan
kebawa,terbawa
kebayang,terbayang
kebayanyaa,kebayanya
keberpa,keberapa
kebnyak'an,kebanyakan
kebongkar,terbongkar
kebukaaa,terbuka
kebukti,terbukti
keburu,terlanjur
kebykan,kebanyakan
kec,kecamatan
kecakepan,kecakapan
kecantikanga,kecantikannya
kece2,kece-kece
keceee,kece
keche,kece
keciil,kecil
keciill,kecil
kecik,kecil
"kecil""",kecil-kecil
kecptan,kecepatan
kecr,kece
kedengeran,kedengaran
kedokk,kedok
kedpan,kedepan
keduaa,kedua
kedubes,kedutaan besar
keedaannya,keadaannya
keee,ke
keeeeeren,keren
keeeerrrreeeennnnnnnnn,keren
keheul,sebal
keinget,teringat
kejadianny,kejadiannya
kejahatn,kejahatan
kejawab,terjawab
kejurnas,kejuaraan nasional
kejuu,keju
kek,kayak
kekeuh,keras kepala
kekgini,kayak begini
kekk,kayak
keknya,kayaknya
kekuranganny,kekurangannya
kel,keluarga
kelahuran,kelahiran
kelaluan,kelakuan
kelaperan,kelaparan
kelar,selesai
kelas'a,kelasnya
keles,kali
keleus,kali
keliatan,kelihatan
keliatannya,kelihatannya
kellen,kalian
keluarin,mengeluarkan
keluh,mengeluh
kelus,kali
kemakan,termakan
kemaren,kemarin
kemariin,kemarin
kemarn,kemarin
kembaq,kembar
kemn,kemana
kemuh,kamu
kenaliiin,kenalkan
kenalin,mengenalkan
kenapaa,kenapa
kenapah,kenapa
kenape,kenapa
kenaps,kenapa
kenapz,kenapa
kenceng,kencang
kencng,kencang
kencqng,kencang
keneh,masih
kentot,senggama
kentut,makian
kenyataan2,kenyataan-kenyataan
kepad,kepada
kepd,kepada
kepda,kepada
kepeleset,kepleset
kepelesett,terpeleset
kepengen,mau
kepikir,terpikir
kepikiran,terpikirkan
kepingin,pengin
kepngn,ingin
kepo,mau tahu urusan orang
kepoh,kepo
kepoin,kepo
kepppoin,kepoi
kepsek,kepala sekolah
keputihn,keputihan
keq,kayak
kerasin,kerasi
kerass,keras
kere,tidak punya uang
kereeeeen,keren
kereeeeennn,keren
kereeeeennnn,keren
kereeeen,keren
kereeen,keren
kereeennnn,keren
kereen,keren
kereenn,keren
kereennn,keren
"keren""",keren-keren
keren2,keren-keren
kerenn,keren
kerennn,keren
kerennnn,keren
kerennnnn,keren
kerikil,kerikil
kerjaan,pekerjaan
kerreeen,keren
kerrennn,keren
kerrrrennnn,keren
kesalahanny,kesalahannya
kesampean,kesampaian
kesbang,kesatuan bangsa
kesel,sebal
kesian,kasihan
kesinii,kesini
kesiniii,kesini
kesra,kesejahteraan rakyat
ketaatanny,ketaatannya
ketara,tertara
ketarik,tertarik
ketauan,ketahuan
ketawa,tertawa
ketawaa,ketawa
ketawain,mentertawakan
ketawakkkk,ketawa
ketemuuu,ketemu
ketipu,tertipu
ketrima,diterima
ketuker,tertukar
keujanan,kehujanan
keukeuh,keras kepala
keyen,keren
kga,tidak
kgak,kagak
kgeeeen,kangen
kgiatan,kegiatan
kgk,kagak
kgn,kangen
kh,kah
kha,kah
khabar,kabar
khadiran,kehadiran
khadirannya,kehadirannya
khan,kan
khanz,kan
kharismanya,karismanya
khdpn,kehidupan
khidupan,kehidupan
khsny,khususnya
khwtr,khawatir
ki,ini
kibul,bohong
kibus,kaki busuk
kicep,diam
kimpoi,kawin
kipak,bohong
kira,dikira
kira2,kira-kira
kirain,mengira
kiriii,kiri
kirimin,mengirimi
kitaa,kita
kitaaa,kita
kite,kita
kiya,kita
kk,kakak
kka,kakak
kkak,kakak
kki,kaki
kklau,kalau
kl,kalau
klahiran,kelahiran
klakuan,kelakuan
klas,kelas
klau,kalau
klauu,kalau
klen,kalian
klepek2,klepek-klepek
klg,keluarga
klh,kalah
klhran,kelahiran
kli,kali
klian,kalian
klianz,kalian
kliatan,kelihatan
kliatanya,kelihatannya
klihatan,kelihatan
klk,kelak
klkuan,kelakuan
kll,kalo
klmbutan,kelembutan
klmpk,kelompok
kln,kalian
klo,kalo
klok,kalo
klon,duplikat
kloop,klop
kloter,kelompok terbang
klow,kalau
klp,kelompok
klrg,keluarga
klrga,keluarga
kls,kelas
klu,kalau
kluar,keluar
kluarga,keluarga
klw,kalau
klwrga,keluarga
km,kamu
kmana,kemana
kmana2,kemana-mana
kmar,kamar
kmaren,kemarin
kmari,kemari
kmariiin,kemarin
kmarin,kemarin
kmauan,kemauan
kmbali,kembali
kmbang,kembang
kmbl,kembali
kmewahan,kemewahan
kmi,kami
kmn,kemana
kmna,kemana
kmpret,kampret
kmps,kampus
kmpus,kampus
kmr,kamar
kmren,kemarin
kmrin,kemarin
kmrm,kemeramen
kmrn,kemarin
kmu,kamu
kn,kan
kna,kena
knal,kenal
knan,kanan
knapa,kenapa
kndung,kandung
kngen,kangen
kngenn,kangen
kngn,kangen
knl,kenal
knlan,kenalan
knp,kenapa
knpa,kenapa
knpp,kenapa
knsul,konsultasi
kntr,kantor
knyataan,kenyataan
knyng,kenyang
ko,kok
koar,teriak
kobul,kabul
kocaaaak,kocak
kocaaaakkk,kocak
kocakkk,kocak
kocakkkkkk,kocak
kocakkkkkkkkkkkkkk,kocak
koclak,kocak
kodya,kota madya
kog,kok
kokkk,kok
kokohh,engkoh
komdis,komisi disiplin
komen2,komen-komen
komen2an,komen-komenan
komenan,komentar
komenannya,komentarnya
koment,komentar
komentar2,komentar-komentar
komentarin,mengomentari
komentnya,komentarnya
komenx,komennya
komntr,komentar
kompi,komputer
komsov,komunis sovyet
komtiong,komunis Tiongkok
komuk,muka
komun,komunitas
komunitas2,komunitas-komunitas
koneksinya,koneksi
kongkow,kumpul bareng teman-teman
konjen,konsulat jenderal
konsekwensi,konsekuensi
konsen,konsentrasi
konsul,konsultasi
kontak2,kontak-kontak
konten2,konten-konten
kontol,makian
kopdar,kopi darat
koplak,kocak
koplakkk,koplak
koq,kok
korek2,korek-korek
korup,korupsi
kosan,kost
kostom,kostum
kowe,kamu
kox,kok
kpada,kepada
kpala,kepala
kpan,kapan
kpancing,terpancing
kpd,kepada
kpgn,ingin
kpleset,kepleset
kpn,kapan
kpn2,kapan-kapan
kpngn,ingin
kpnpun,kapanpun
kptsan,keputusan
kpuasan,kepuasan
kq,kok
kqmu,kamu
kr,kira
kra,kira
kraya,karya
kreative,kreatif
kreean,keren
kreeenn,keren
kreen,keren
kren,keren
krena,karena
krenn,keren
krenz,keren
krg,kurang
kri,kiri
krik,garing
krikil,kerikil
krim,kirim
kriput,keriput
krj,kerja
krja,kerja
krjaan,pekerjaan
krm,kirim
krmh,ke rumah
krn,karena
krna,karena
krng,kurang
krpoooo,kepo
krtu,kartu
krudung,kerudung
krudungan,kerudungan
krupuk,kerupuk
krus,kurus
krya,karya
ksenangan,kesenangan
ksh,kasih
ksian,kasihan
ksih,kasih
ksini,kesini
ksitu,kesitu
kslahan,kesalahan
kslhn,kesalahan
ksmptn,kesempatan
ksn,kesana
ksni,kesini
ksukaanmuuu,kesukaanmu
ksyngn,kesayangan
kt,kita
kt2,kata-kata
kta,kata
ktaa,kita
ktaatan,ketaatan
ktanya,katanya
ktauan,ketahuan
ktawa,ketawa
ktdrn,ketiduran
ktemu,ketemu
ktergantungan,ketergantungan
ktg,kita
ktik,ketik
ktika,ketika
ktipu,tipu
ktmpt,ke tempat
ktmu,ketemu
ktny,katanya
ktnya,katanya
ktr,kantor
ktwa,ketawa
kuaaatt,kuat
kuatttt,kuat
kubarikan,kuberikan
kucing'y,kucingnya
kudu,harus
kueren2,keren-keren
kuliyh,kuliah
kumkeb,kumpul kebo
kuninggg,kuning
kuningggg,kuning
kunjungin,kunjungi
kuper,kurang pergaulan
kuq,kok
kura2,kura-kura
kurangin,kurangi
kureeeen,keren
kurng,kurang
kusem,kusam
kususnya,khususnya
kutuu,kutu
kuu,ku
kuy,yuk
kuyy,yuk
kuyyy,yuk
kw,kau
kwatir,kawatir
kx,kak
ky,kaya
kya,kaya
kyak,kayak
kyaknya,kayaknya
kyanya,kayanya
kyax,kayak
kyk,kayak
kyk.a,kayaknya
kykny,kayanya
kyknya,kayaknya
kyny,sepertinya
kyy,kaya
kzl,kesal
la,lah
laa,lah
laaaah,lah
ladenin,meladeni
laen,lain
laenny,lainnya
lafazd,lafaz
laff,cinta
lagian,lagi
lagihh,lagi
lagii,lagi
lagiii,lagi
lagiiii,lagi
laginy,laginya
lagu'y,lagunya
lagu2,lagu-lagu
lagu2nya,lagu-lagunya
lahh,lah
lahhh,lah
lahhhhhh,lah
lahirr,lahir
lainnn,lain
lainnyaa,lainnya
lairannya,kelahirannya
laka,kecelakaan
"laki""",laki-laki
laki2,laki-laki
lakik,laki
"laku""",laku-laku
lakuin,melakukan
lam,salam
lama2,lama-lama
lambreta,lambat
lamp,lampiran
lancr,lancar
langgengggg,langgeng
langgenh,langgeng
lanjutin,lanjutkan
lanjutkaaaaan,lanjutkan
lansia,lanjut usia
lanud,landasan udara
lapakk,lapak
lapas,lembaga pemasyarakatan
laper,lapar
latgab,latihan gabungan
latian,latihan
lau,kau
lawaaaas,lawas
lb,lembar
lbh,lebih
lbih,lebih
lbihh,lebih
lbur,libur
lcu,lucu
le,boleh
lebar2,lebar-lebar
lebay,berlebihan
lebayy,lebay
lebeh,berlebihan
lebh,lebih
ledekin,ledeki
ledkin,meledeki
leh,boleh
lekong,laki
lelaahh,lelah
lelet,lambat
lemes,lemas
lemod,lambat
lemooot,lambat
lemoot,lambat
lemot,lambat
lemottt,lambat
lengkapp,lengkap
lengkeeett,lengket
lenje,lenjeh
lepasin,melepas
less,kurang
lg,lagi
lggeng,langgeng
lggi,lagi
lgi,lagi
lgkah2,langkah-langkah
lgkp,lengkap
lgs,langsung
lgsg,langsung
lgsng,langsung
lgsung,langsung
lgu,lagu
lgunya,lagunya
lh,lah
lha,lah
lhat,lihat
lhir,lahir
lhirr,lahir
lhoo,loh
lhooo,loh
lht,lihat
liaat,lihat
liaatt,lihat
liad,lihat
liat,lihat
liat'y,lihatnya
liat2,lihat-lihat
liatiii,lihat
liatin,memperlihatkan
liatlah,lihatlah
liatnya,lihatnya
liatnyaaa,lihatnya
liatt,lihat
liattt,lihat
light,terang
lihaat,lihat
lihaatttt,lihat
liht,lihat
linmas,perlindungan masyarakat
lipetan,lipatan
liptsk,lipstik
litbang,penelitian dan pengembangan
liyat,lihat
liyatnya,lihatnya
lkuin,lakukan
llki,lelaki
lluu,lu
lluuccuu,lucu
lm,lama
lma,lama
lmyan,lumayan
lmyn,lumayan
lngkp,lengkap
lngsg,langsung
lngsing,langsing
lngsng,langsung
lngsung,langsung
lnjt,lanjut
lnjut,lanjut
lnsg,langsung
lnsng,langsung
lo,kamu
loch,loh
loe,lo
lohh,loh
lohhh,loh
lohhhh,loh
loksyut,lokasi syuting
lol,tertawa
lola,lambat berfikir
lom,belum
loncatt,loncat
loncattt,loncat
loo,loh
looh,loh
loohhh,loh
looo,loh
loooh,loh
looohh,loh
louph,cinta
loupz,cinta
lov,cinta
love,cinta
low,kalau
lowh,kamu
lp,lupa
lpngn,lapangan
lpr,lapar
lsg,langsung
lt,lantai
lu,kamu
luaarrr,luar
luber,langsung umum bebas dan rahasia
luccu,lucu
luchu,lucu
luchuw,lucu
luco,lucu
lucu2,lucu-lucu
lucuk,lucu
lucukkkkk,lucu
lucunaaa,lucunya
lucunyah,lucunya
lucuu,lucu
lucuukk,lucu
lucuuu,lucu
lucuuuk,lucu
lucuuuu,lucu
lucuuuuu,lucu
lucuuuuuuuu,lucu
lucuuuuuuuuuu,lucu
lucux,lucunya
luff,cinta
luh,lu
luhhh,lu
lum,belum
lun,belum
lupain,melupakan
luph,cinta
lurusin,meluruskan
luthu,lucu
luthuna,lucunya
lutu,lucu
lutuna,lucunya
lutunaa,lucunya
lutunaaa,lucunya
luu,lu
luucuuu,lucu
luuuaar,luar
luuuucuuu,lucu
luv,cinta
lvl,level
lw,kalau
lwat,lewat
lwn,lawan
lwt,lewat
lyt,lihat
m,sama
ma,sama
maaasss,mas
maaci,terima kasih
maacih,terima kasih
maaciw,terima kasih
maafin,memaafi
maak,mak
maap,maaf
maapin,maaf
maau,mau
maauuu,mau
mabal,bolos
mabes,markas besar
mabok,mabuk
macam2,macam-macam
macem,macam
macem-macem,macam-macam
macem2,macam-macam
macih,masih
madesu,masa depan suram
maem,makan
maen,main
maenya,mainnya
magabut,makan gaji buta
mager,malas gerak
mahall,mahal
maharani,mahal
mahatma,maju sehat bersama
mahh,mah
mahhhh,mah
maho,manusia homo
mai,mau
main2,main-main
mainstream,sangat umum
majuuu,maju
mak,ibu
mak jang,kaget
makaci,terima kasih
makana,karena itu
makany,makanya
makanyaa,makanya
makasi,terima kasih
makasih,terima kasih
makasihhh,terima kasih
make,memakai
"maki""",maki-maki
makkk,mak
makn,makan
makny,maknya
maksain,memaksakan
maksd,maksud
maksih,terima kasih
maksir,menaksir
maksutku,maksudku
malah,bahkan
malangg,malang
malem,malam
malem2,malam-malam
males,malas
malh,malah
malingg,maling
malming,malam minggu
malsudnya,maksudnya
malu2in,malu-malui
maluu,malu
maluuu,malu
maluuuu,malu
mam,makan
mama.nyy,mamanya
mamah,mama
mamam,makan
mamas,mas
mamax,mamanya
mamer,memamerkan
mampet,mampat
mampuussss,mampus
mampuuu,mampu
mamz,makan
mancing2,memancing-mancing
mancungin,memancungkan
mandiin,memandikan
mane,mana
maneh,kamu
manen,panen
mang,memang
manggil,panggil
manies,manis
maniez,manis
manisnyaaaa,manisnya
manisss,manis
manjain,memanjakan
mank,memang
mano,mana
mansetan,bermanset
mansyoallah,masyaallah
manta,mantan
mantaaap,mantap
mantaap,mantap
mantabb,mantab
mantabs,mantab
mantabss bagus,
mantaff,mantap
mantanny,mantannya
mantapp,mantap
mantappp,mantap
mantapppppp,mantap
manteb,mantap
manteep,mantap
mantep,mantap
mantepp,mantap
manteppp,mantap
mantes,memantas
manusiy,manusia
mao,mau
marah2,marah-marah
marah2an,marah-marahan
marh,marah
markus,makelar kasus
martabakk,martabak
masa2,masa-masa
masaaaa,masa
masakin,masakan
masalahh,masalah
masi,masih
masih,masuk
"masing""",masing-masing
masing2,masing-masing
masio,masih
maslah,masalah
maso,masa
massss,mas
masukin,memasukkan
masy,masyarakat
masyaallahhh,masyaallah
masyarakay,masyarakat
mata'y,matanya
matany,matanya
mataq,mataku
mateeeeeeeeeeee,mati
mateeeek,mati
mateng,matang
"mati""an",mati-matian
matii,mati
mato,mata
mattihhh,mati
mau,mau
mauu,mau
mauuu,mau
mauuuu,mau
mauuuuu,mau
mauuuuuu,mau
mauuuuuuu,mau
maw,mau
may,mau
mayan,lumayan
mayann,lumayan
maybe,mungkin
mb,mbak
mba,mbak
"mba""",mbak-mbak
mbaa,mbak
mbaaa,mbak
mbaaahhh,mbah
mbaaass,mbak
mbaak,mbak
mbaakk,mbak
mbabibuta,ceroboh
mbahh,mbah
"mbak""",mbak-mbak
mbak2,mbak-mbak
mbaknyaahh,mbaknya
mbakx,mbaknya
mbanya,mbaknya
mbaur,baur
mbg,mbak
mbil,sambil
mbk,mbak
mblo,jomblo
mblooo,jomblo
mboizzz,bois
mbual,membual
mbuh,embuh
mcm,macam
mct,macet
mdg,lebih baik
mdgn,baikan
mdh,mudah
"mdh""",mudah-mudah
mdh2an,mudah-mudahan
mdh2n,mudah-mudahan
mdpt,mendapat
megang,memegang
mehong,mahal
mehoonggggg,mahal
meker,mikir
melahirin,melahirkan
melakukn,melakukan
melebihin,melebihi
melihara,memelihara
melu,ikut
meluk,memeluk
melulu,selalu
"membanding""",membanding-banding
memek,makian
menasehati,menasihati
menbelah,membelah
mendam,memendam
mendapatkn,mendapatkan
mending,lebih baik
mendingan,lebih baik
mendj,menjadi
menegerti,mengerti
meneketehe,tidak tahu
menel,centil
mengait2kan,mengait-ngaitkan
mengalahkn,mengalahkan
mengherthii,mengerti
menghilangkn,menghilangkan
mengikutii,mengikuti
mengirusi,mengurusi
mengncang,mengencang
mengperbolehkan,memperbolehkan
menjdi,menjadi
menjelekan,menjelekkan
menolak,tolak
"mentah""",mentah-mentah
"mentang""",mentang-mentang
menurur,menurut
menyebut2,menyebut-nyebut
menyenangkn,menyenangkan
mepet,dekat sekali
meranin,memerankan
mereka2,mereka-mereka
merekaa,mereka
merekaaaa,mereka
merekak,mereka
merhatiin,memperhatikan
meriahh,meriah
merindinggg,merinding
merka,mereka
merrid,merit
mesen,pesan
mesrany,mesranya
mesti,harus
met,selamat
mf,maaf
mff,maaf
mg,moga
mgk,mungkin
mgkin,mungkin
mgkn,mungkin
mgu,minggu
mh,mah
mhn,mohon
mhs,mahasiswa
mhsw,mahasiswa
miapa,demi apa
miapah,demi apa
miara,memiara
migas,minyak dan gas bumi
miker,minuman keras
mikir2,memikir-mikir
mikirin,memikirkan
mikirinnn,memikirkan
mikol,minuman beralkohol
milih,memilih
milikin,memiliki
milis,mailing list
mimin,admin
mimpiii,mimpi
minjem,pinjam
minn,admin
minpi,mimpi
minta,meminta
mintk,minta
"minyak""an",minyak-minyakan
miras,minuman keras
miriiiiip,mirip
miriiiip,mirip
miriiippp,mirip
miriip,mirip
miring2,miring-miring
miriplahhhhhh,miriplah
miripp,mirip
mirippp,mirip
miripppp,mirip
mirp,mirip
misal'a,misalnya
mitnah,memfitnah
mk,maka
mk.a,makanya
mka,maka
mkan,makan
mkanan,makanan
mkanya,makanya
mkin,makin
mkir,memikir
mkn,makin
mknan,makanan
mkny,maka itu
mknya,makanya
mksd,maksud
mksdku,maksudku
mksdny,maksudnya
mksdnya,maksudnya
mksdq,maksudku
mksdx,maksudnya
mksh,terima kasih
mksih,terima kasih
mkst,maksud
mksud,maksud
mlah,malah
mlepaskan,melepaskan
mlh,malah
mlikk,milik
mlm,malam
mls,malas
mlt.a,mulutnya
mlu,melulu
mlz,malas
mmang,memang
mmbanggakan,membanggakan
mmbela,membela
mmberi,memberi
mmberikan,memberikan
mmberikn,memberikan
mmbodohkan,membodohkan
mmg,memang
mmperbaiki,memperbaiki
mmz,mas
mn,mana
mna,mana
mnambh,menambah
mncoba,mencoba
mndadak,mendadak
mndaptkan,mendapatkan
mndg,lebih baik
mndgn,lebih baik
mndgr,mendengar
mndi,mandi
mnding,mending
mndpat,mendapat
mndpt,mendapat
mndptkn,mendapatkan
mndukung,mendukung
mnerima,menerima
mng,menang
mngasi,mengasih
mngerti,mengerti
mnghina,menghina
mngikuti,mengikuti
mngira,mengira
mngkannya,mangkanya
mngkin,mungkin
mngkn,mungkin
mnilai,menilai
mnipu,tipu
mnis2nya,manis-manisnya
mnisss,manis
mnjadi,menjadi
mnjawab,menjawab
mnjdi,menjadi
mnjdkan,menjadikan
mnjijikaaaaaan,menjijikkan
mnjmput,menjemput
mnjual,menjual
mnolak,tolak
mnrt,menurut
mnrtkuu,menurutku
mnsempurnakan,menyempurnakan
mnt,minta
mnta,minta
mntn,mantan
mntp,mantap
mnum,minum
mnusuk,menusuk
mnutup,menutup
mnyakitiku,menyakitiku
mnyngkn,menyenangkan
mo,mau
modar,mati
model2,model-model
modes,modis
modus,maksud lain
moga,semoga
moge,motor gede
mohom,mohon
mokad,mati
mokat,mati
molooo,terus
money,uang
moqa,moga
moso,masa
mosok,masa
most,paling
motret,memotret
mpe,sampai
mrah,marah
mrangkul,merangkul
mreka,mereka
mrekaa,mereka
mrekaaaa,mereka
mrh,marah
mrip,mirip
mrit,merit
mrk,mereka
mrka,mereka
mrnghadapi,menghadapi
mrusak,merusak
ms,masih
"ms""",masa-masa
msa,masa
msalah,masalah
msg,masing
msg2,masing-masing
msh,masih
msih,masih
msk,masuk
mskasih,terima kasih
mski,meski
mskipun,meskipun
mskn,masakan
msknya,masaknya
mskpn,meskipun
msl,misal
mslh,masalah
mslhnya,masalahnya
msng2,masing-masing
mst,mesti
msti,harus
msuk,masuk
mt,makan teman
mtanya,matanya
mti,mati
mu'uv,maaf
muahal,mahal
mualll,mual
muantaap,mantap
muantteepp,mantap
mubes,musyawarah besar
much,lebih
mudaa,muda
"mudah""an",mudah-mudahan
"mudah""n",mudah-mudahan
mudah2,mudah-mudah
mudah2an,mudah-mudahan
mudah2n,mudah-mudahan
"mudh""an",mudah-mudahan
muga,moga
"muka""",muka-muka
muka2,muka-muka
mukae,mukanya
mukanyaa,mukanya
mukax,mukanya
muke,muka
muker,musyawarah kerja
muliany,mulianya
mulu,melulu
mulusssss,mulus
mulut2,mulut-mulut
mulutny,mulutnya
mulutnyaaa,mulutnya
muluuu,melulu
mumet,pusing
mumpung,selagi
muna,munafik
munaafikk,munafik
munafikk,munafik
munas,musyawarah nasional
munaslub,musyawarah nasional luar biasa
munfik,munafik
mungki,mungkin
mungkiin,mungkin
muntaber,muntah dan berak
mupeng,muka pengin
muraaaaah,murah
murahhh,murah
mure,murah
murhan,murahan
murka,marah
murmer,murah meriah
musda,musyawarah daerah
musti,mesti
mutihin,memutihkan
mutuain,memutuskan
mutusin,memutuskan
muup,maaf
muupz,maaf
muuuu,mu
muuv,maaf
mw,mau
mz,mas
n,dan
na,nya
naaaa,nya
naaaaahh,nah
naaaak,nak
naaahhh,nah
naas,nahas
nabung,tabung
naek,naik
nafass,nafas
nafkahin,menafkahi
naggung,menanggung
nagiss,menangis
naha,kenapa
nahan,menahan
nahannnn,tahan
nahh,nah
nahhh,nah
najiss,najis
nak,anak
naka,nakal
naksir,menaksir
nakutin,menakutkan
nal,kenal
nama.a,namanya
nama'in,namai
"nama""",nama-nama
namain,menamai
namany,namanya
namax,namanya
nambah,bertambah
nambahh,bertambah
namnya,namanya
nampak,menampak
nampar,menampar
nanam,menanam
nanget,banget
nanggepin,menanggapi
nangiiiiis,menangis
nangiiis,menangis
nangiis,menangis
nangis,menangis
"nangis""",menangis-nangis
nangiss,menangis
nangisss,menangis
nantangin,menantang
nantii,nanti
nantiii,nanti
nantik,nanti
nanya,tanya
naon,apa
napa,kenapa
napas,nafas
nape,kenapa
napi,narapidana
napol,narapidana politik
napsuu,napsu
napza,narkotika alkohol psikotropika dan zat adiktif 
naq,anak
nari,menari
narik,menarik
narkoba,narkotika psikotropika dan obat terlarang
narsis,bangga pada diri sendiri
nasehatin,menasihati
nasgor,nasi goreng
natap,menatap
naturalllll,natural
nawarin,menawari
nax,anak
ncek,encek
nd,indak
nda,indak
ndak,indak
ndax,tidak
nder,sender
ndiri,sendiri
ndk,tidak
ndukung,mendukung
ndut,gendut
ne,ini
nee,ini
negri,negeri
neh,nih
neko2,neko-neko
nekolim,neokolonialisme
nekolin,neokolonialisme
nelen,telan
nelfon,menelepon
nelp,telepon
nelpon,telepon
nembak,menembak
nemenin,menemani
nempel,menempel
nemu,temu
nemuin,menemukan
"nenek""",nenek-nenek
nenek2,nenek-nenek
nengok,menengok
nentuin,menentukan
nerawang,menerawang
nerima,menerima
nerusin,meneruskan
netaas,menetas
netes,menetes
next,lanjut
nga,enggak
ngabis2in,menghabiskan
ngabuburit,menunggu berbuka puasa
ngabungin,menggabungkan
ngaca,mengaca
ngacaaa,mengaca
ngaco,mengaco
ngadain,mengadakan
ngademin,mengademkan
ngadu,mengadu
ngajak,mengajak
ngajar,mengajar
ngajarin,mengajari
ngaji,mengaji
ngajuin,mengajukan
ngak,enggak
ngakaaaakkk,mengakak
ngakak,mengakak
ngakakkk,mengakak
ngaku,mengaku
"ngaku""",mengaku-ngaku
ngalah,mengalah
ngalahin,mengalahkan
ngalir,mengalir
ngalirrrrr,mengalir
ngamatin,mengamati
ngambek,mengambek
ngambekan,ambekan
ngambeknya,mengambeknya
ngambil,mengambil
ngampus,pergi ke kampus
nganbek,mengambek
nganggepin,menanggapi
nganggur,tidak punya pekerjaan
ngantar,mengantar
nganteng,ganteng
nganter,antar
nganterin,mengantarkan
ngantri,mengantri
ngapah,kenapa
ngapain,mengapa
ngapasih,mengapa sih
ngapus,menghapus
ngarang,mengarang
ngarep,mengharap
ngarepinnya,mengharapkannya
ngareppppp,mengharap
ngaret,terlambat
ngarsipin,mengarsipkan
ngaruh,berpengaruh
ngasi,mengasih
ngasih,mengasih
ngasih2,mengasih-ngasih
ngata2in,mengata-ngatai
ngatai,mengatai
ngatain,mengatai
ngatur,mengatur
ngawur,berbicara sembarangan
ngayal,mengkhayal
ngcpin,mengucapkan
ngebala,bala
ngebales,membalas
ngebandel,berbuat bandel
ngebantu,membantu
ngebedain,membedakan
ngebela,membela
ngebelain,membela
ngebenci,membenci
ngebiarin,membiarkan
ngebolehin,membolehkan
ngebuktiin,membuktikan
ngebully,intimidasi
ngebut,cepat
ngecek,mengecek
ngeceng,kumpul bareng-bareng
nged,banget
ngeditnya,mengeditnya
ngedukung,mendukung
ngefans,fan
ngegampar,menggampar
ngegantiin,menggantikan
ngegemesin,menggemaskan
ngegmesin,menggemaskan
ngegosip,bergosip
ngeh,engah
ngehadepin,menghadapi
ngehakimi,menghakimi
ngehancurin,menghancurkan
ngehe,kesal
ngehina,menghina
ngehujat,menghujat
ngeidealin,mengidealkan
ngejatuhin,manjatuhkan
ngejelek,menjelekkan
ngejelek2in,menjelek-jelekkan
ngejilat,menjilat
ngejuangin,memperjuangkan
ngekeh,kekeh
ngekek,mengekek
ngeklaim,mengklaim
ngekos,tinggal di kos
ngeksis,menjadi eksis
ngelahirin,melahirkan
ngelakuin,melakukan
ngelamar,melamar
ngelaporin,melaporkan
ngelarang,melarang
ngelawak,melawak
ngelawan,melawan
ngeles,berkilah
ngelewati,melewati
ngeliat,melihat
ngeliatin,melihati
ngeliatnya,melihatnya
ngelidur,menggigau
ngelihat,melihat
ngelihatnya,melihatnya
ngeluarin,mengeluarkan
ngelucu,melucu
ngeluh,mengeluh
ngembali,kembali
ngemeng,mengomong
ngentot,senggama
ngentotin,senggama
ngepake',memakai
ngepoin,mengepoi
ngerampas,merampas
ngerampok,merampok
ngerasa,merasa
ngerasain,merasai
ngerayain,merayakan
ngerebut,merebut
"ngerebut""",merebut-rebut
ngerendahin,merendahkan
ngerespon,merespons
ngeri,seram
ngeri2,ngeri-ngeri
ngerii,ngeri
ngeriiiiii,ngeri
ngerjain,mengerjakan
ngerokok,merokok
ngerror,error
ngerrrriiii,ngeri
ngerti,mengerti
ngertii,mengerti
ngertiin,mengerti
ngerussak,merusak
ngeselin,mengesalkan
nget,banget
ngetik,mengetik
ngets,banget
ngetsz,banget
ngettt,banget
ngeuh,engah
ngfans,fan
ngg,enggak
ngga,enggak
nggak,enggak
nggali,menggali
nggax,tidak
nggeh,engah
nggesek,menggesek
ngggk,enggak
nggk,enggak
nggosok,menggosok
nggu,menunggu
ngibul,berbohong
ngidam,mengidam
ngikut,ikut
ngikutin,mengikuti
ngilang,menghilang
ngilangin,menghilangkan
ngiler,mau
ngilerrrr,mengiler
ngimpi,mimpi
nginep,menginap
ngingetin,mengingatkan
nginjek,menginjak
ngintilin,mengintil
ngintip,mengintip
ngiri,mengiri
ngiriii,mengiri
ngirim,mengirim
ngiringan,mengiringi
ngiritya,mengiritnya
ngisi,mengisi
ngisiin,mengisikan
ngitem,menghitam
ngjk,mengajak
ngk,enggak
ngkkkkkk,mengakak
ngmbl,mengambil
ngmg,mengomong
ngmgin,mengomongkan
ngmng,mengomong
ngmngin,mengomongkan
ngmngnya,mengomongnya
ngmpl,berkumpul
ngmps,ke kampus
ngntk,mengantuk
ngntr,ke kantor
ngobatin,obati
ngobrol,mengobrol
ngoceh,mengoceh
ngocok,mengocok
ngocol,lucu
ngolokin,mengolok
ngom,mengomong
ngomen,mengomentari
ngomenin,mengomentari
ngomentarin,mengomentari
ngomentnya,mengomentarinya
ngomng,mengomong
ngomomg,mengomong
ngomong,mengomong
"ngomong""",ngomong-ngomong
ngomongin,mengomongkan
ngomongnya,mengomongnya
ngorbanin,mengorbankan
ngp,mengapa
ngrasain,merasai
ngrebut,merebut
ngri,negeri
ngriii,mengiri
ngrti,mengerti
ngrusak,merusak
ngrusin,mengurusi
ngtain,mengatai
ngtif,negatif
ngubek2,mencari-cari
nguburin,menguburkan
ngucapin,mengucapkan
ngulangin,mengulangi
ngumbar,mengumbar
ngumbar2,mengumbar-umbar
ngumpat2,mengumpat-ngumpat
ngumpet,sembunyi
"ngumpet""",mengumpet-ngumpet
ngumpul,berkumpul
ngumung,mengomong
ngundurin,mengundurkan
ngungkit2,mengungkit-ungkit
ngunyah,kunyah
ngurus,mengurus
ngurusan,mengurusi
ngurusin,mengurusi
nh,nih
nha,nya
ni,ini
nic,penggemar agnezmo
nice,bagus
nich,nih
nicong,penggemar agnezmo
nie,nih
niech,nih
nih,ini
nih2,nih-nih
nihh,nih
nihhh,nih
nii,ini
niih,nih
niihh,nih
niiih,nih
niiihh,nih
niiiihh,nih
nikaah,nikah
nikahin,menikahi
nikmatin,menikmati
nilai2,nilai-nilai
nimbrung,ikut serta
nimpuk,menimpuk
ninggalin,meninggalkan
ninggiin,meninggikan
nipu,tipu
niru,meniru
niy,ini
niyh,nih
niyyyyhhhh,nih
njay,anjay
njayyy,anjay
njerr,anjir
njiirr,anjir
njing,makian
njir,anjir
njirr,anjir
njirrr,anjir
njrittt,anjir
nkah,nikah
nm,nama
nmbah,bertambah
nmbh,tambah
nmbk,menembak
nmenarik,menarik
nmny,namanya
nmnya,namanya
nmpk,nampak
nmr,nomor
nnt,nanti
nnti,nanti
nntn,menonton
nnton,menonton
no,nomor
nobar,menonton bareng
nolak,tolak
nolongin,menolong
nomer,nomor
nongkrong,kumpul-kumpul
nonton,menonton
nontonnnn,menonton
nontonny,menontonnya
nontonx,menontonnya
nontonya,menontonnya
nontoonnn,menonton
novembr,november
np,now playing
nraktir,mentraktir
nrka,neraka
nrp,narapidana
nt,nanti
ntab,mantab
ntaf,mantap
ntah,entah
ntap,mantap
ntappp,mantap
ntapsss,mantap
ntar,entar
nti,nanti
ntik,cantik
ntikk,cantik
ntn,menonton
nton,menonton
ntr,entar
ntu,itu
nuduh,menuduh
nuhun,terima kasih
nulis,menulis
numb,number
numpuk,bertumpuk
nunduk,menunduk
nunggu,menunggu
nungguin,menunggu
nuntut,menuntut
nusuk,menusuk
"nutup""in",menutup-nutupi
nutupin,menutupi
ny,nya
nyaa,nya
nyaaa,nya
nyaaaa,nya
nyaaaaaaa,nya
nyaaaaaaaaa,nya
nyaaaaaaaaaaaaa,nya
nyadar,sadar
nyah,nya
nyaingin,saing
nyakiti,menyakiti
nyakitin,menyakiti
nyalahin,menyalahkan
nyalain,nyalakan
nyamain,menyamakan
nyambet,menyambat
nyambung,menyambung
nyambungin,menyambung
nyampah,menyampah
nyampe,sampai
nyampein,menyampaikan
nyampenya,sampainya
nyang,yang
nyangka,menyangka
nyangkaa,menyangka
nyangkutnya,menyangkutnya
nyantai,santai
nyanyiin,menyanyikan
nyaranin,menyarankan
nyari,mencari
nyariin,mencari
nyaru,menyaru
nyasar,tersesat
nyatakan,menyatakan
nyatok,mencatok
nye,nya
nyebelin,menyebalkan
nyebur,mencebur
nyebut2,menyebut-nyebut
nyebutin,menyebutkan
nyekar,menyekar
nyela,mencela
nyelesain,menyelesaikan
nyembah,sembah
nyemot,ambil
nyempetin,menyempatkan
nyender,menyandar
nyenengin,menyenangkan
nyengir,menyengir
nyeniii,menyeni
nyeplak,menjiplak
nyerang,menyerang
nyeremin,menyeramkan
nyerocooooos,mencerocos
nyerocos,mencerocos
nyesek,menyesak
nyesel,menyesal
nyesell,menyesal
nyet,monyet
nyetel,setel
nyia2in,menyia-nyiakan
nyiapin,mempersiapkan
nyicil,mencicil
nyiksa,menyiksa
nyimak,menyimak
nyimpen,menyimpan
nyindir,menyindir
nyindirin,menyindir
nyinyirin,nyinyir
nyir2,nyinyir
nyiram,menyiram
nyo,nya
nyoba,mencoba
nyobain,mencoba
nyoblos,mencoblos
nyok,yuk
nyokap,ibu
nyolong,mencolong
nyolot,menyolot
nyolotinnnn,menyolot
nyta,nyata
nyubit,mencubit
nyubitt,mencubit
nyuci,cuci
nyukur,cukur
nyungsep,jatuh
nyupir,menyopir
nyuruh,suruh
nyusahhin,menyusahkan
nyusahin,menyusahkan
nyusul,menyusul
o/,oleh
oalaaaa,walah
oc,oke
oce,oke
official,resmi
ogah,tidak mau
oge,juga
ohh,oh
ohhhh,oh
ok,ok
oke,baik
okedech,oke
okedeh,oke
okeh,oke
okt,oktober
okz,oke
ol,online
oles2,oles-oles
olh,oleh
oma2,oma-oma
omaaaaaaakk,oma
omdo,omong doang
omongin,mengomongkan
ongkiir,ongkir
ongkir,ongkos kirim
ongkirr,ongkir
ono,sono
onoh,sono
ooh,oh
oom,om
oon,bodoh
oooh,oh
oot,out of topic
oplas,operasi plastik
oprasi,operasi
oprasiya,operasinya
or,orang
orabg,orang
"orang""",orang-orang
"orang""nya",orang-orangnya
orang2,orang-orang
orange,oranye
orangg,orang
org,orang
org2,orang-orang
orgny,orangnya
orgtuanya,orang tuanya
ori,orisinal
orkes,olahraga dan kesehatan
orlaen,orang lain
orng,orang
orrunya,orang tuanya
ortu,orang tua
ortuny,orang tuanya
ortunya,orang tuanya
ospek,orientasi studi dan pengenalan kampus
otda,otonomi daerah
otot2,otot-otot
otre,ok
otw,sedang di jalan
ouch,oh
ouh,oh
our,kami
owalaah,walah
owh,oh
pa,apa
pa2,apa-apa
paaak,pak
paati,pasti
pacal,pacar
pacara,pacaran
pacarane,pacarannya
pacaranya,pacarannya
pacarn,pacaran
pacarnyaa,pacarnya
pacarr,pacar
pacarrr,pacar
padahall,padahal
padahl,padahal
padet,padat
padetan,padatan
padhe,pakde
padhl,padahal
pahalax,pahalanya
pahamin,memahami
pahe,paket hemat
pait,pahit
pakai,pakai
pake,pakai
pakek,pakai
pakke,pakai
paksain,memaksakan
pala,kepala
palbis,paling bisa
palgi,apalagi
palinf,paling
palingann,palingan
pan,kapan
pandanginya,memandanginya
panggilan'y,panggilannya
panggilan'ya,panggilannya
panglingg,pangling
panja,panitia kerja
pankapan,kapan-kapan
pans,fan
pansus,panitia khusus
pantat,makian
pantes,pantas
pantesan,pantes
pantess,pantas
pantura,pantai utara
papahhhnya,papahnya
papiii,papi
para2,parah-parah
paraa,para
paraaah,parah
paraah,parah
parahh,parah
paranoid,takut
paripurnahh,paripurna
parno,takut
parpol,partai politik
parsis,persis
parte,partai
pas,saat
pas2an,pas-pasan
pasangn,pasangan
"pasien""nya",pasien-pasiennya
pass,pas
passs,pas
past,pasti
pastii,pasti
pasutri,pasangan suami istri
patas,cepat dan terbatas
payah,jelek
payahh,payah
paz,pas
pcar,pacar
pcaran,pacaran
pcaranya,pacarannya
pcarny,pacarnya
pcr,pacar
pcran,pacaran
pcrn,pacaran
pcrny,pacarnya
pcrnya,pacarnya
pd,pada
pda,pada
pdahal,padahal
pdhal,padahal
pdhall,padahal
pdhl,padahal
pdng,padang
pecahhg,pecah
pede,percaya diri
pedes,pedas
pedesssss,pedas
peduliin,mempedulikan
pedulilaaaah,pedulilah
peen,pengin
peengn,pengin
pegang2,pegang-pegang
pegangin,memegang
pegi,pergi
pelastik,plastik
pelatda,pemusatan latihan daerah
pelatnas,pemusatan latihan nasional
peleotin,meleot
peliharaaaa,pelihara
pelwak,pelawak
pemainy,pemainnya
pembokat,pembantu
pemda,pemerintah daerah
pemilu,pemilihan umum
pemkot,pemerintah kota
pemprov,pemerintah provinsi
pemred,pemimpin redaksi
pen,pengin
penasaraaann,penasaran
penasarannnn,penasaran
penasarn,penasaran
penbelian,pembelian
pendingnya,pending
penertiban,tertib
pengalam,pengalaman
pengan,pengin
penganten,pengantin
pengeeenn,pengin
pengen,pengin
pengenn,pengin
pengennn,pengin
pengennnn,pengin
penghianat,pengkhianat
penghrgaan,penghargaan
pengikuy,pengikut
pengin,ingin
pengn,pengin
pengrusak,perusak
penjas,pendidikan jasmani
penmas,pendidikan masyarakat
pensaran,penasaran
pentass,pentas
pentingg,penting
penyakitny,penyakitnya
penyanyi2,penyanyi-penyanyi
penyebab2,penyebab-penyebab
peragain,peragakan
perasaanny,perasaannya
perbaikin,memperbaiki
perbulannn,perbulan
percya,percaya
perda,peraturan daerah
perek,wanita tuna susila
peres,palsu
perhatiam,perhatian
perhatiin,perhatikan
perilakuny,perilakunya
perjabatt,pejabat
permasalhkan,permasalahkan
perna,pernah
pernikahn,pernikahan
personill,personil
pertamany,pertamanya
pertamax,pertama
pertma,pertama
perubut,perebut
pesen,pesan
pesenan,pesanan
pesenin,pesankan
petinggi2,petinggi-petinggi
pg,pagi
pgang,pegang
pgen,pengin
pgg,pegang
pgi,pagi
pgin,pengin
pgn,pengin
pgnnya,penginnya
php,pemberi harapan palsu
pi,tapi
piiiilih,pilih
piiink,pink
pijetin,pijitkan
"pikir""",pikir-pikir
pilem,film
pilihannny,pilihannya
pilihnmu,pilihanmu
pilkada,pemilihan kepala daerah
pilm,film
pimpro,pemimpin proyek
pingin,pengin
pinginnn,pengin
pinjem,pinjam
pinkkkk,pink
pinter,pintar
pintr,pintar
pipi'y,pipinya
pipine,pipinya
pipinyaaa,pipinya
pisan,sangat
pisgor,pisang goreng
pjang,pajang
pjg,panjang
pk,pakai
pkai,pakai
pke,pakai
pkee,pakai
pkek,pakai
pket,paket
pkk,pakai
pkoknya,pokoknya
pkoknyaa,pokoknya
pkrin,pikirkan
pkt,paket
pla,pula
plampiasannn,pelampiasan
plg,pulang
plh,pilih
pling,paling
plis,please
pliss,tolong
pljaran,pelajaran
pljrn,pelajaran
plng,pulang
pls,tolong
plsa,pulsa
pluk,peluk
pm,private message
pmbantu,pembantu
pmbelajaran,pembelajaran
pmbyran,pembayaran
pmpuan,perempuan
pmrnth,pemerintah
pndah,pindah
pndang,pandang
pndapat,pendapat
pndh,pindah
pndukung,pendukung
pngen,pengin
pngenn,pengin
pngn,pengin
pnh,pernah
pnjang,panjang
pnjerumus,penjerumus
pnjng,panjang
pnjual,penjual
pntg,penting
pnting,penting
pntng,penting
pnuh,penuh
pny,punya
pnya,punya
pnyaa,punya
poko,pokok
pokok'a,pokoknya
pokonya,pokoknya
polantas,polisi lalu lintas
polll,pol
pollll,pol
polwan,polisi wanita
ponakn,ponakan
ponpes,pondok pesantren
ponsel,telepon seluler
poollll,pol
poool,pol
poooolllll,pol
positippp,positif
pp,pulang pergi
ppa,papa
praktek,praktik
praktekin,mempraktikkan
prasaan,perasaan
prasmul,perasaan saja
prawatan,perawatan
prcuma,percuma
prcy,percaya
prcya,percaya
prempuan,perempuan
presh,segar
prg,pergi
prgi,pergi
prh,parah
prhatian,perhatian
prikitiw,cie
priksa,periksa
prinadi,pribadi
prjuangan,perjuangan
prlu,perlu
prmhn,perumahan
prmptn,perempatan
prmpuan,perempuan
prnah,pernah
prnh,pernah
pro,profesional
problem,masalah
prodac,produk
prodak,produk
prodaknya,produknya
promil,program hamil
promoo,promo
protestin,protestan
prototype,contoh
prov,provider
prsatukn,persatukan
prtama,pertama
prtamax,pertamanya
prthnkn,pertahankan
prwatn,perawatan
prwtn,perawatan
ps,pas
psangan,pasangan
psen,pesan
psg,pasang
psgn,pasangan
psn,pesan
psng,pasang
psr,pasar
pst,pasti
psti,pasti
pswt,pesawat
ptg,potong
pu,punya
puanas,panas
pucing,pusing
pukulin,pukuli
pulaa,pula
pulak,pula
pulgar,kasar
pundung,kecewa
punn,pun
punyaaa,punya
punyak,milik
punye,punya
pura2,pura-pura
pusingggg,pusing
puter,putar
puterin,putar
putihh,putih
putihnyaa,putihnya
puyeng,pusing
pw,posisi nyaman
px,punya
py,punya
pyudara,payudara
pzt,pasti
q,aku
qaqa,kakak
qaqaaaa,kakak
qm,kamu
qmo,kamu
qmu,kamu
qo,kok
qq,kakak
qt,kita
qta,kita
qu,ku
rada,agak
rajin2,rajin-rajin
rakor,rapat koordinasi
rame,ramai
rame2,rame-rame
rana,ranah
ranmor,kendaraan bermotor
rapih,rapi
rasaiin,rasai
rasain,merasai
rasakn,rasakan
rasane,rasanya
raskin,rakyat miskin
rata2,rata-rata
rb,ribu
re,reply
recokin,ganggu
recomendasinya,rekomendasinya
recommendasi,rekomendasi
red,redaksi
redho,ridho
ref,referensi
reg,register
rehab,rehabilitasi
rejeki,rezeki
reklamuk,reklamasi
rekomendain,rekomendasikan
rekomendasiiin,merekomendasikan
rekomendasiin,merekomendasikan
rekomndd,rekomendasi
relaaaa,rela
remang2,remang-remang
rempong,repot
renstra,rencana strategis
repong,repot
repot2,repot-repot
repp,balas
reskrim,reserse kriminal
restik,reserse narkotika
rezeqinya,rezekinya
rezki,rezeki
rhs,Rahasia
ri,republik indonesia
ributin,meributkan
rights,benar
rinduuuuuuu,rindu
rinduuuuuuuuu,rindu
rinduuuuuuuuuu,rindu
rja,raja
rkyt,rakyat
rmbt,rambut
rmbut,rambut
rmbutnya,rambutnya
rmbuut,rambut
rmh,rumah
rmhq,rumahku
rofl,rolling on the floor laughing
romantisny,romatisnya
romantiss,romantis
romantiz,romantis
romntis,romantis
rotfl,tertawa
rpt2,repot-repot
rsk,rusak
ru,baru
rubahnn,rubah
rudal,peluru kendali
ruko,rumah toko
rumh,rumah
rumpiin,rumpi
rupa2nya,rupa-rupanya
rusakkk,rusak
rusun,rumah susun
rusunawa,rumah susun sewa
rutan,rumah tahanan
ruz,terus
s,si
s'lalu,selalu
s*inetr*n,sinetron
s2,magister
s3ndiri,sendiri
s4,sempat
sa,bisa
saat2,saat-saat
saayyyyy,say
sabaaaaar,sabar
sabaarrr,sabar
sabal,sabar
sabaro,sabar
sabarrr,sabar
sabarrrrr,sabar
sabeb,bebas
sabi,bisa
sadaar,sadar
sadis2,sadis-sadis
sahabatt,sahabat
saia,saya
saiank,sayang
saje,saja
salaam,salam
salahin,salahkan
salammmm,salam
salehah,salihah
salfok,salah fokus
salluutt,salut
salting,salah tingkah
saltum,salah kostum
saltummmm,salah kostum
sam,sama
"sama""",sama-sama
sama2,sama-sama
samaa,sama
samaaaa,sama
samara,sakinah mawadah rahman
sambel,sambal
samo,sama
samoga,semoga
sampai2,sampai-sampai
sampe,sampai
sampein,sampaikan
sampek,sampai
sampeyan,anda
sampis,sampah habis
sampw,sampai
samsek,sama sekali
sangaaattt,sangat
sangat2,sangat-sangat
sangattt,sangat
sanggat,sangat
sangt,sangat
sans,santai
santab,santap
sapa,siapa
sapa2,sapa-sapa
sape,siapa
sapose,siapa
saranin,menyarankan
sarap,makian
sasama,sesama
sateny,satenya
satkorlak,satuan koordinator pelaksana
satpam,satuan pengamanan
satupunn,satupun
satuu,satu
satuuuuu,satu
saudra,saudara
say,sayang
saya2,saya-saya
sayaa,saya
sayaang,sayang
sayan,sayang
sayangg'',sayang-sayang
sayanggg,sayang
sayangggq,sayangku
sayangkuh,sayangku
sayangkuuuuu,sayangku
sayangx,sayangnya
sayy,sayang
sayyy,say
sbagai,sebagai
sbaiknya,sebaiknya
sbb,sebab
sbbrnya,sebenarnya
sbbyak,sebanyak
sbelah,sebelah
sbelum,sebelum
sbenernya,sebenarnya
sbg,sebagai
sbgai,sebagai
sbh,sebuah
sbhabat,sahabat
sbl,sebelah
sblah,sebelah
sblh,sebelah
sblhny,sebelahnya
sblm,sebelum
sblmny,sebelumnya
sblmnya,sebelumnya
sblum,sebelum
sbnarnya,sebenarnya
sbnr,sebenarnya
sbnrny,sebenarnya
sbnrnya,sebenarnya
sbnt,sebentar
sbntr,sebentar
sbnyak,sebanyak
sbr,sabar
sbtr,sebentar
sbuah,sebuah
sby,surabaya
scara,secara
schedule,jadwal
scpatny,secepatnya
scr,secara
scra,secara
sdah,sudah
sdg,sedang
sdgkn,sedangkan
sdh,sudah
sdkit,sedikit
sdkit2,sedikit-sedikit
sdkt,sedikit
sdng,sedang
sdngkn,sedangkan
sdri,sendiri
se7,setuju
seabrek,banyak
seandainy,seandainya
"sebaik""",sebaik-baik
sebel,sebal
sebelas dua belas,mirip
sebelom,sebelum
sebelum2nya,sebelum-sebelumnya
sebelumbya,sebelumnya
sebenernya,sebenarnya
sebnyak,sebanyak
"seburuk""",seburuk-buruk
seburuk2,seburuk-buruk
seburukburuk,jelek
sedangkn,sedangkan
sedihh,sedih
sedihhh,sedih
sedikitlaahh,sedikitlah
see,sih
seeeemua,semua
seeh,sih
seehh,sih
"segala""ny",segala-galanya
segala2nya,segala-galanya
seger,segar
segerr,segar
segerrrr,segar
segitunya,sebegitunya
segtu,sebegitu
seh,sih
seharusny,seharusnya
sehat2,sehat-sehat
sehh,sih
seindonesiyah,seindonesia
sekaeang,sekarang
sekali2,sekali-kali
sekalii,sekali
sekaliiii,sekali
sekaliiiii,sekali
sekangen2,sekangen-kangen
sekarng,sekarang
sekjen,sekretaris jenderal
seklian,sekalian
sekola,sekolah
sekolahin,sekolahkan
sekrang,sekarang
sekrng,sekarang
seksii,seksi
sel,telkomsel
selaloe,selalu
selaluu,selalu
selaw,santai
sellow,selow
selmat,selamat
selmnya,selamanya
selmt,selamat
selow,santai
seluru,seluruh
semalem,semalam
semangaatt,semangat
semangaatttt,semangat
semangatt,semangat
semangattt,semangat
semau,asal
sembako,sembilan bahan pokok
sembuhin,menyembuhkan
"sembunyi""""",sembunyi-sembunyi
semngat,semangat
semogaa,semoga
sempak,celana dalam
sempet,sempat
sempet2nya,sempat-sempatnya
sempurnaa,sempurna
sempurnaaaaa,sempurna
semuaaa,semua
semuannyaaa,semuanya
semuanyaa,semuanya
semuanyaaaa,semuanya
senang2,senang-senang
senangat,semangat
sendeng,senang
sendirii,sendiri
sendirinnya,sendirinya
sendirinyya,sendirinya
sendirir,sendiri
sendratari,seni drama tari
sendri,sendiri
seneeeeeng,senang
senen,senin
seneng,senang
senengg,senang
senenggg,senang
senengin,senangi
senyumin,senyumi
senyumna,senyumnya
seorg,seorang
sept,september
serasiii,serasi
serem,seram
"serem""",seram-seram
serem2,seram-seram
sering2,sering-sering
sertijab,serah terima jabatan
seru2,seru-seru
seru2an,seru-seruan
seruu,seru
seruuu,seru
sesatt,sesat
sesek,sesak
sesekk,sesak
setabil,stabil
setan,makian
setelur2nya,setelur-telurnya
seterah,terserah
seterong,setrong
seting,akting
setju,setuju
setting,atur
setujuuu,setuju
setujuuuu,setuju
sewain,menyewa
sexi,seksi
sexi2,seksi-seksi
sexxi,seksi
sey,sih
sgala,segala
sgampang,segampang
sgini,segini
sgitu,segitu
sgla,segala
sgt,sangat
sgtu,sebegitu
sgtu'y,sebegitunya
sgtuny,segitunya
sgtunya,segitunya
sh,masih
shaaaay,say
shaay,say
shabat,sahabat
shap,siap
shaps,siap
sharian,seharian
sharusnya,seharusnya
shat,sehat
shay,say
shayy,say
shayyy,say
shbat,sahabat
shbt,sahabat
shg,sehingga
shiet,tahi
shit,makian
sholihah,salihah
si,sih
sia2kan,sia-siakan
sial,makian
sialan,makian
siapa2,siapa-siapa
siapaa,siapa
siapayahh,siapa ya
siappa,siapa
sibukx,sibuknya
sich,sih
sichh,sih
sichhhhhhhhhh,sih
sidak,inspeksi mendadak
sie,sih
siech,sih
sieyh,sih
sigh,makian
signal,sinyal
signalnya,sinyalnya
sihat,sehat
sihh,sih
sihhh,sih
sihhhh,sih
sii,sih
siih,sih
siihh,sih
siihhh,sih
siiih,sih
siiihh,sih
siiihhh,sih
siiiiih,sih
siiiiiiippppppppp,sip
siip,sip
siipp,sip
siippp,sip
"sikap""",sikap-sikap
sikon,situasi dan kondisi
silahkan,silakan
silahkn,silakan
silauuu,silau
silsturahmi,silaturahmi
sim,simcard
simiskin,miskin
simpedes,simpanan pedesaan
simpen,simpan
sinet,sinetron
sinetron,sinema elektronik
sintron,sinetron
sip,ok
sipiit,sipit
sipp,sip
siramin,siramkan
siriik,sirik
sirikk,sirik
sis,kakak perempuan
sisain,menyisakan
sista2,sista-sista
sitayngin,ditayangkan
sj,saja
sja,saja
sjjurny,sejujurnya
sjk,sejak
sk,suka
ska,suka
skali,sekali
skali2,sekali-kali
skalian,sekalian
skaligus,sekaligus
skalii,sekali
skarang,sekarang
skedar,sekadar
skg,sekarang
skit,sakit
skitar,sekitar
skl,sekali
sklh,sekolah
skli,sekali
sklinyaa,sekalinya
skluarga,sekeluarga
skola,sekolah
skolah,sekolah
skr,sekarang
skrang,sekarang
skrg,sekarang
skrng,sekarang
skrngnya,sekarangnya
skrnh,sekarang
skt,sakit
sktika,seketika
sktlrang,sekarang
skul,sekolah
slah,salah
slahkan,salahkan
slalu,selalu
slaluuuuu,selalu
slam,salam
slama,selama
slamat,selamat
slamet,selamat
slamt,selamat
slesai,selesai
slg,saling
slh,salah
slhkan,salahkan
slhkn,salahkan
sling,saling
sll,selalu
sllu,selalu
slm,salam
slma,selama
slmat,selamat
slmnya,salamnya
slmt,selamat
slmttt,selamat
sls,selesai
slsai,selesai
slt,sulit
slw,selow
sm,sama
sm2,sama-sama
sma,sama
sma2,sama-sama
smakin,semakin
smangat,semangat
smbg,sambung
smbh,sembuh
smbhyg,sembahyang
smbil,sambil
smbl,sambil
smbng,sambung
smbrg,sembarang
smbuh,sembuh
smcm,semacam
smentara,sementara
smg,semoga
smga,semoga
smgaa,semoga
smgt,semangat
smkin,semakin
smlm,semalam
smlmn,semalaman
smnagatin,menyemangati
smngat,semangat
smngt,semangat
smnjak,semenjak
smntr,sementara
smog,semoga
smoga,semoga
smogaaa,semoga
smp,sampai
smpai,sampai
smpati,simpati
smpe,sampai
smpt,sempat
smrg,semarang
smster,semester
smua,semua
smuaaa,semua
smuanya,semuanya
smulla,semula
smvk,sempak
smw,semua
smwny,semuanya
smwnya,semuanya
sna,sana
sndiri,sendiri
sndr,sendiri
sndri,sendiri
sneng,senang
sng,senang
sngaja,sengaja
sngt,sangat
sni,sini
snyum,senyum
so,sok
soal'y,soalnya
soale,soalnya
soalx,soalnya
sodara,saudara
soft,halus
soga,moga
sohib,teman
sok2,sok-sok
sok2an,sok-sokan
sokk,sok
soljum,sholat jumat
solve,solusi
somse,sombong sekali
songong,sombong
sopo,siapa
sorang,seorang
sorry,maaf
sory,maaf
sosbud,sosial-budaya
sosek,sosial-ekonomi
sospol,sosial-politik
sotoy,sok tau
sowry,maaf
sp,siapa
spa,siapa
spd,sepeda
sperti,seperti
spertinya,sepertinya
spnjng,sepanjang
sppa,siapa
sprt,seperti
sprti,seperti
sprtny,sepertinya
spt,seperti
spti,seperti
sptny,sepertinya
spy,supaya
srg,sering
srng,sering
srpti,seperti
srruu,seru
srta,serta
srtfkt,sertifikat
sseorg,seseorang
ssorg,seseorang
sstu,sesuatu
staf2nya,staf-stafnya
stagahhhh,astaga
stage,panggung
statusx,statusnya
steess,stres
stelah,setelah
stgh,setengah
stiap,setiap
stidaknya,setidaknya
still,masih
stimpal,setimpal
stj,setuju
stju,setuju
stlh,setelah
stngh,setengah
stop,henti
stp,setiap
stress,stres
sttus,status
stu,satu
stuju,setuju
suami'y,suaminya
suamiii,suami
suamiiiii,suami
suaminga,suaminya
suaminy,suaminya
suaranyaa,suaranya
suaranyaaaaaa,suaranya
suaraynyaa,suaranya
suarranya,suaranya
subahanallah,subhanallah
subbag,subbagian
subhanaallahh,subhanallah
subhanallahhh,subhanallah
subhanalloh,subhanallah
subhannallah,subhanallah
subhnallah,subhanallah
suces,sukses
suck,makian
sucks,makian
sucses,sukses
sud,sudah
suda,sudah
sudab,sudah
sudh,sudah
suerrr,suer
suipit,sipit
suk,suka
suka.a,sukanya
suka2,suka-suka
sukaa,suka
sukaaa,suka
sukaaaa,suka
sukaaaaaa,suka
sukaaak,suka
sukak,suka
sukakkk,suka
sukam,suka
sukkaa,suka
suko,suka
sukse,sukses
suksea,sukses
suksess,sukses
sukur2,sukur-sukur
sumai,suami
sumbangin,sumbangkan
sumpahh,sumpah
sumpeh,sumpah
sumpek,sempit
sumvahh,sumpah
sunah2,sunah-sunah
sunggu,sungguh
sungguh2,sungguh-sungguh
supeer,super
surgaa,surga
suru,suruh
sweger,segar
swmntara,sementara
sy,saya
sya,saya
syang,sayang
syantiek,cantik
syantiiiiikkkkkkkkkkkk,cantik
syantik,cantik
syediih,sedih
syediiihhh,sedih
syekaliii,sekali
syg,sayang
sygku,sayangku
sygkuu,sayangku
sygny,sayangnya
syipp,sip
"syirik""",syirik-syirik
syng,sayang
syngnya,sayangnya
synk,sayang
syp,siapa
sypa,siapa
syratnya,syaratnya
syukaaakkk,suka
t4,tempat
tabanas,tabungan pembangunan nasional
tae,makian
taeeee,makian
taek,tahi
taekk,tahi
tah,teh
tahannn,tahan
tahi,kotoran
"tahun""",tahun-tahun
tahun2,tahun-tahun
tai,tahi
taiii,makian
taiiii,tahi
taik,tahi
tajir,kaya
tak,tidak
takuttt,takut
takuuuuut,takut
tambahh,tambah
tambahim,tambahkan
tambahin,tambahkan
tambh,tambah
tampialannya,tampilannya
tamvan,tampan
tamvann,tampan
tanda2nya,tanda-tandanya
tanggung2,tanggung-tanggung
tangkep,tangkap
"tante""",tante-tante
tante2,tante-tante
tantee,tante
tanteny,tantenya
tanya2,tanya-tanya
tanyain,tanyakan
tanyang,tayang
taon,tahun
tap8,tapi
tapii,tapi
tapo,tapi
tappi,tapi
tar,entar
tau,tahu
tau2,tau-tau
tauk,tahu
taun,tahun
taunya,ternyata
taunyaa,ternyata
tauu,tau
tauuu,tau
tauuuu,tau
tauuuuu,tau
taux,taunya
taw,tau
tawh,tahu
tay,tahi
tayik,tahi
taz,atas
tbuh,tubuh
td,tadi
tdak,tidak
tdi,tadi
tdk,tidak
tdny,tadinya
tdnya,tadinya
tdr,tidur
tdung,tudung
tdur,tidur
te,tahun
te2p,tetap
tebel,tebal
tebir,ribet
"tebir""",ribet-ribet
tegaar,tegar
teguran2,teguran-teguran
teh,kakak perempuan
tehh,teh
tehhh,teh
tehhhh,teh
tekor,rugi
telaatt,telat
telat,terlambat
telefisi,televisi
telfon,telepon
telimakacih,terima kasih
telkmsel,telkomsel
telkom,telekomunikasi
telmi,telat berpikir
telor,telur
telp,telepon
telpon,telepon
"teman""ny",teman-temannya
teman2,teman-teman
tembemmm,tembem
tembokk,tembok
temen,teman
temen-temen,teman-teman
"temen""",teman-teman
temen2,teman-teman
temenan,berteman
temenin,temani
temenkuuh,temanku
temenn,teman
temennya,temannya
tempat2,tempat-tempat
tempt,tempat
tengah2,tengah-tengah
tengaj,tengah
tenggah,tengah
tengil,menyebalkan
tengok,menjenguk
tengsin,malu
tenny,tenang
tentanh,tentang
tepar,terkapar
terangkhn,terangkan
terbaeeeek,terbaik
terbaeq,terbaik
terbaiiikkkkk,terbaik
terbaikkk,terbaik
terbitin,terbitkan
terburu2,terburu-buru
tercyduk,terciduk
terhaaru,terharu
terharuuu,terharu
terharuuuu,terharu
teriakk,teriak
terimaksih,terima kasih
teringt,teringat
terjrumus,terjerumus
terkenall,terkenal
termiribkan,termiripkan
termuraaahhhh,termurah
termurahhh,termurah
termurahhhh,termurah
ternodain,ternodai
ternyataa,ternyata
terong2an,terong-terongan
teros,terus
terossss,terus
terrrrbaik,terbaik
teru,terus
"terus""an",terus-terusan
terus2an,terus-terusan
teruss,terus
terusss,terus
teruuss,terus
teruz,terus
teruzzz,terus
testi,testimoni
testinya,testimoninya
tetaplaah,tetaplah
tetapppp,tetap
tetehh,teteh
tetep,tetap
tetp,tetap
teu,tidak
teyuss,terus
tgannya,tangannya
tggu,tunggu
tgh,tengah
tgk,tengok
tgl,tanggal
tgn,tangan
tgs,tugas
tgu,tunggu
th,tahun
th2,tahun-tahun
than,tahan
thank,terimakasih
thanks,terima kasih
thankyou,terimakasih
thankz,terima kasih
thd,terhadap
thdp,terhadap
therchakitty,tersakiti
thks,terima kasih
thn,tahun
thnan,tahunan
thnx,terima kasih
thu,tuh
thun,tahun
thx,terima kasih
tiba2,tiba-tiba
tida,tidak
tidakkkk,tidak
tiga2nya,tiga-tiganya
tik,cantik
tikung2,tikung-tikung
tilang,bukti pelanggaran
tilep,tilap
tingal,tinggal
tinggalin,tinggalkan
tinggalkn,tinggalkan
tinggall,tinggal
tinggl,tinggal
tioghoa,tionghoa
tipe2,tipe-tipe
tipi,TV
tipiwan,TvOne
tips2,tips-tips
tipu2nya,tipu-tipunya
tirani,tiran
tium,cium
tk,tak
tkg,tukang
tks,terima kasih
tkt,takut
tkut,takut
tlf,telepon
tlg,tolong
tlh,telah
tll,terlalu
tlng,tolong
tlog,tolong
tlp,telepon
tlpn,telepon
tlpon,telepon
tls,tulis
tlsn,tulisan
tlvn,telepon
tman,teman
tmbah,tambah
tmbh,tambah
tmbm,tembam
tmen,teman
tmen2,teman-teman
tmn,teman
tmn2,teman-teman
tmn2nya,teman-temannya
tmpah,tumpah
tmpat,tempat
tmph,tumpah
tmpt,tempat
tmsk,termasuk
tnang,tenang
tnda,tanda
tnggl,tanggal
tnggu,tunggu
tngh,tengah
tngu,tunggu
tnh,tanah
tnp,tanpa
tnpa,tanpa
tntg,tentang
tntram,tentram
tny,ternyata
tnya,tanya
tnyt,ternyata
tnyta,ternyata
to,tapi
togel,toto gelap
tohh,toh
tokai,tai
tokayyy,tahi
toketnya,teteknya
tolernsi,toleransi
tolol,makian
toloollll,tolol
tongolin,menongol
toserba,toko serba ada
tot,entot
toys,main
tp,tapi
tpi,tapi
tpii,tapi
tpy,tapi
tq,terima kasih
trasa,terasa
trbaik,terbaik
trbaikk,terbaik
trbukti,terbukti
trdhulu,terdahulu
trdpt,terdapat
tren,trend
trending,trend
trganggu,terganggu
trgntg,tergantung
trgntng,tergantung
trhtung,terhitung
trima,terima
trims,terima kasih
trimz,terima kasih
trjadi,terjadi
trjd,terjadi
trkdng,terkadang
trkhr,terakhir
trknal,terkenal
trkrim,terkirim
trlalu,terlalu
trlihat,terlihat
trll,terlalu
trm,terima
trmanis,termanis
trmasuk,termasuk
trmksh,terima kasih
trmsk,termasuk
trmsuk,termasuk
trnsfr,transfer
trnyata,ternyata
trnyt,ternyata
troma,trauma
trpsah,terpisah
trrharu,terharu
trs,terus
trsa,terasa
trserah,terserah
trserh,terserah
trsrh,terserah
trun,turun
trus,terus
trusan.a,terusannya
trusss,terus
trussss,terus
trutama,terutama
trz,terus
ts,penulis
tsadeest,sadis
tsangka,tersangka
tsb,tersebut
tsbt,tersebut
tsel,telkomsel
tsk,tersangka
tst,tahu sama tahu
ttap,tetap
ttd,tertanda
tteh,teteh
ttep,tetap
ttg,tentang
tth,teteh
ttinggi,tinggi
ttp,tetap
tu,itu
tua2,tua-tua
tuany,tuanya
tuch,tuh
tuh,itu
tuhanny,tuhannya
tuhh,tuh
tuhhh,tuh
tuir,tua
tuk,untuk
tukan,tukang
tukeran,tukar
tullus,tulus
tumben,tidak biasa
tumpe2,tumpah-tumpah
tunggu2,tunggu-tunggu
tunjukan,tunjukkan
tunjukin,tunjukkan
tutorialx,tutorialnya
tutupin,menutupi
tuu,tuh
tuuh,tuh
tuuu,itu
tuuuuh,tuh
tuwanya,tuanya
tuwek,tua
tuwh,tuh
tw,tau
twit,tweet
tx,tak
tyap,tiap
typo,salah tulis
u,untuk
u/,untuk
uaaasssiiiik,asik
uasai,kuasa
ubat,obat
ubur2,ubur-ubur
ucapin,mengucapkan
ucul,lucu
ucull,lucu
ucullllll,lucu
ud,sudah
uda,sudah
udah,sudah
udah2,sudah-sudah
udahh,sudah
udahlah,sudahlah
udd,sudah
udeh,sudah
udehh,sudah
udh,sudah
uga,juga
ugaaa,juga
ugha,juga
ughaa,juga
uhh,uh
uhhh,uh
uih,uh
uitnya,duitnya
ujan2an,hujan-hujanan
ujg,ujung
ujung2,ujung-ujung
ujung2nya,ujung-ujungnya
ujunggg,ujung
ul,ulangan
ulan,ulang
ultah,ulang tahun
ultahe,ultahnya
ultha,ultah
undangan2,undangan-undangan
ungkapin,ungkapkan
ungkit2,ungkit-ungkit
univ,universitas
untk,untuk
unyu,menggemaskan
unyu2,unyu-unyu
unyuu,unyu
unyuuk,unyu
uplot,unggah
uppu,apa
urang,saya
urat2nya,urat-uratnya
urg,saya
ursan,urusan
urusanny,urusannya
urusin,urus
urusn,urusan
usa,usah
usah,perlu
usahh,usah
ush,usah
ustzah,ustazah
utang,hutang
utip,kutip
utk,untuk
utkmu,untukmu
utul,ujian tertulis
uuh,uh
uuhh,uh
uuhhh,uh
uuuuuaaaaaaaaaappppppppppiiiiiiiiiiiiiiiiiikkkkkkkkkkkkkkkk,apik
uwahhhhh,wah
uwakk,uwak
uwee,gue
uztad,ustad
valas,valuta asing
valid,sah
victory,menang
vol,volume
von,telepon
vote,pilih
w,gue
w/,dengan
wa,saya
waaa,wah
waaaaw,wow
waaahhh,wah
waaaww,wow
waaawwww,wow
waah,wah
wad,buat
wadaaw,waduh
wadir,wakil direktur
wado,waduh
waduh,aduh
waduhh,waduh
waduhhh,waduh
waduuuuh,waduh
wae,saja
waelah,terus
wagub,wakil gubernur
wahh,wah
wahhh,wah
wahhhhhh,wah
wajarrr,wajar
wajiiib,wajib
wakaka,haha
waktunyaaa,waktunya
walik,balik
wamil,wajib militer
wanitah,wanita
wanjerrr,anjir
wanjiir,anjir
wanjir,anjir
waoohhh,wah
war,perang
warbiyasah,luar biasa
waria,wanita pria
warkop,warung kopi
warnaaa,warna
warnany,warnanya
warnet,warung internet
warteg,warung tegal
wartel,warung telekomunikasi
waspadalah,waspada
wat,buat
watuk,batuk
waw,wow
waww,wow
wawwwww,wow
wdooohhh,waduh
weeeh,wih
week,wig
wenak,enak
wenakk,enak
wewww,wow
wht,apa
widihh,waduh
wihh,wih
wihhh,wih
wihhhhhh,wih
wiih,wih
wiiiihhhh,wih
wiiiihhhhhhhhh,wih
wik,wig
with,dengan
wjh,wajah
wk,waktu
wkt,waktu
wktu,waktu
wktunya,waktunya
wkwk,tertawa
wkwkkw,tertawa
wkwkwk,haha
wkwkwkwk,haha
wlau,walau
wlaupun,walaupun
wlawpun,walaupun
wlo,walau
wlwpun,walaupun
woey,woy
woles,selow
wong2,wong-wong
woooiiiii,woy
woooiiiiiiii,woy
wooow,wow
wooowww,wow
woooyy,woy
woow,wow
woowwww,wow
wota2,wota-wota
wouww,wow
wowoooww,wow
woww,wow
wowww,wow
wowwww,wow
wowwwww,wow
woy,makian
woyyy,woy
wrn,warna
wtf,what the fuck
wth,what the hell
wuastagah,astaga
x,kali
xixixi,tertawa
xlian,kalian
y,ya
ya,iya
yaa,ya
yaaa,ya
yaaa,ya
yaaaa,ya
yaaaaaa,ya
yaaah,ya
yaaampunnn,ya ampun
yaaang,yang
yaah,ya
yaahh,ya
yaahhh,ya
yaak,ya
yaakk,ya
yaakkk,ya
yaampuuuunnnn,ya ampun
yaang,yang
yach,ya
yachhh,ya
yad,yang akan datang
yaelahhh,alah
yah,ya
yahbh,ya
yahh,ya
yahhh,ya
yahhhh,ya
yaini,ya ini
yak,ya
yakaliiiii,yakali
yakinn,yakin
yakk,ya
yam,ya
yanckh,yang
yank,sayang
yankkk,sayang
yaoloh,yaallah
yaolohh,ya allah
yap,ya
yapp,ya
yappp,ya
yapz,iya
yaudah,ya sudah
yaudh,ya sudah
yauwda,ya sudah
yaw,ya
yawda,ya sudah
yawdah,ya sudah
yawlah,ya allah
yawloh,ya allah
yayang,sayang
ybs,yang bersangkutan
ye,ya
yee,ya
yeee,ya
yeeee,ya
yela,yailah
yelah,yailah
yep,ya
yeuh,ya
yg,yang
ygs,sayang
yh,ya
yha,ya
yhaaa,ya
yi,yaitu
yl,yang lain
yng,yang
ynk,sayang
yo,ya
yodah,ya sudah
yoha,iya
yoi,iya
yoiii,yoi
yoiiu,yoi
yok,yuk
yokk,yuk
yokkk,yuk
yoo,ya
yook,yuk
yoooiii,yoi
yoookkkk,yuk
yooookkk,yuk
yooow,ya
yowes,ya sudah
yq,yang
ysh,ya
yu,yuk
yuh,tuh
yuk,ayo
yukk,yuk
yukkk,yuk
yukkkk,yuk
yuks,yuk
yukss,yuk
yup,ya
yuppss,ya
yups,ya
yupz,ya
yuu,yuk
yuuk,yuk
yuukk,yuk
yuuks,yuk
yuuu,yuk
yuuuk,yuk
yuuuuk,yuk
yuuuukkk,yuk
yuwkkk,yuk
ywdh,ya sudah
yya,ya
yyaaa,ya
z,saja
za,saja
zama,zaman
zonk,bodoh
